主题,基础分,等级分,宠物
桀骜不驯,120,24,钢铁刺毛怪
桀骜不驯,110,22,白狼 热带一角龙
桀骜不驯,100,20,传奇宝箱怪 寒带一角龙
桀骜不驯,90,18,稀有宝箱怪 恐龙化石 勒索信
桀骜不驯,85,17,火狐 高清摄像头
桀骜不驯,80,16,紫水母 木制宝箱怪 野狼 刺毛怪 雨林快走龙 沙漠快走龙 快陶鸭
桀骜不驯,75,15,红海草 煎铛噗灵 黑狼 火焰巨人 铛噗灵 窨井盖
桀骜不驯,70,14,白猫 黑猫
桀骜不驯,65,13,红海葵 禁止通行 相片
桀骜不驯,60,12,瓶中脑 绿礁石 蓝礁石 海星星 鲈鱼 神仙鱼 帝王蟹 皇冠海星 章鱼 摄像头 金鸮卣 消防栓 烟灰缸 行李车
桀骜不驯,55,11,树桩猴 火山巨蟹 入口 红外线探测 安全出口
桀骜不驯,50,10,蔬菜笔记 烟斗 蓝海兔 闪电海蛇 火山海参 小丑鱼 蓝海葵 黄水母 海胆 红海绵 鱿鱼 彩色墨水 警帽 石巨人 沼泽树精 奶小糖 陶面人 猪罐 警戒线 礼帽 信封 煤气灯 警用路障 打火机 证物手机 红墨水
桀骜不驯,50,12,绿海草 三花猫
桀骜不驯,45,9,比撒
桀骜不驯,40,8,水果笔记 放大镜 怀表 紫珊瑚 绵羊海兔 海蛇 海螺 海参 蓝水母 水熊虫 绿海绵 温度探测器 小石怪 小土包 地缚灵 沼泽地 泥怪 火喷泉 小火球 火精灵 饭团 围观陶 编钟 兽面鼎 碰碰瓷 鸮卣 鱼化石 乌龟化石 碧鱬 赤鱬 情书 邮票 门牌 工地路障 手铐 报警器 蓝墨水 豹纹手铐
桀骜不驯,35,7,布丁呆 火腿猪
桀骜不驯,30,6,熔岩猪 塔可桑
桀骜不驯,25,5,双色克林姆 水精灵 小花球 大树怪 祭祀石 小火山 阿头 阿尾 克林姆 巧克林姆 茶克林姆 水果小糖 芒果滋 多拿滋 黑脸鱼子军舰 黑米团 泡菜团 夹心肉球 玉子龟龟 寿司龟龟 甜虾龟龟 培根 芝士软泥
桀骜不驯,20,4,黄砗磲 邮筒
桀骜不驯,10,2,血迹 红珊瑚 红砗磲 粉红海兔 花丛 左半瓷 右半瓷 粉红帽 报纸 羽毛笔
桀骜不驯,5,5,打卡机
桀骜不驯,0,2,绿色史莱姆 蓝色史莱姆 紫色史莱姆 红色史莱姆 草莓 梨几 桃几 苹狗 左半碗 右半碗
海洋气息,104,22,鱼化石 乌龟化石
海洋气息,99,21,碧鱬 赤鱬
海洋气息,73,17,塔可桑
海洋气息,71,25,火山巨蟹
海洋气息,69,15,黑脸鱼子军舰 寿司龟龟 甜虾龟龟
海洋气息,39,9,饭团 黑米团 泡菜团 玉子龟龟
海洋气息,33,9,瓶中脑
海洋气息,31,8,黄水母 彩色墨水 红墨水
海洋气息,29,7,水熊虫 水精灵 蓝墨水
海洋气息,8,4,海星星 神仙鱼 帝王蟹 皇冠海星 章鱼 传奇宝箱怪 钢铁刺毛怪 比撒 高清摄像头 金鸮卣 快陶鸭 消防栓 勒索信 行李车
海洋气息,6,3,蔬菜笔记 烟斗 黄砗磲 蓝海兔 闪电海蛇 火山海参 小丑鱼 蓝海葵 紫水母 海胆 红海绵 鱿鱼 煎铛噗灵 打卡机 火狐 稀有宝箱怪 警帽 白狼 石巨人 沼泽树精 奶小糖 布丁呆 铛噗灵 火腿猪 陶面人 猪罐 警戒线 恐龙化石 热带一角龙 白猫 黑猫 邮筒 礼帽 信封 煤气灯 警用路障 打火机 证物手机
海洋气息,4,2,水果笔记 放大镜 怀表 血迹 绿礁石 蓝礁石 紫珊瑚 红珊瑚 红砗磲 绵羊海兔 粉红海兔 海蛇 海螺 红海草 海参 鲈鱼 红海葵 蓝水母 绿海绵 双色克林姆 黑狼 木制宝箱怪 温度探测器 禁止通行 花丛 小花球 大树怪 树桩猴 野狼 祭祀石 小石怪 小土包 地缚灵 沼泽地 泥怪 刺毛怪 阿头 阿尾 克林姆 巧克林姆 茶克林姆 水果小糖 芒果滋 多拿滋 夹心肉球 培根 芝士软泥 入口 红外线探测 围观陶 编钟 兽面鼎 左半瓷 右半瓷 碰碰瓷 雨林快走龙 沙漠快走龙 摄像头 鸮卣 寒带一角龙 安全出口 情书 粉红帽 报纸 羽毛笔 邮票 门牌 工地路障 窨井盖 烟灰缸 手铐 相片 报警器 豹纹手铐
海洋气息,2,1,绿海草 绿色史莱姆 蓝色史莱姆 紫色史莱姆 红色史莱姆 草莓 梨几 桃几 苹狗 左半碗 右半碗 三花猫
海洋气息,-32,5,火焰巨人
海洋气息,-36,3,火喷泉 小火山 小火球 熔岩猪 火精灵
圆润有弹性,105,21,绿色史莱姆 蓝色史莱姆 紫色史莱姆 红色史莱姆
圆润有弹性,95,19,布丁呆
圆润有弹性,85,17,桃几
圆润有弹性,75,15,草莓 梨几 铛噗灵
圆润有弹性,50,10,芒果滋 多拿滋 塔可桑 夹心肉球
圆润有弹性,45,9,沼泽地 黑脸鱼子军舰
圆润有弹性,40,16,红海草 窨井盖
圆润有弹性,40,8,小花球
圆润有弹性,40,12,苹狗
圆润有弹性,35,13,怀表 鱿鱼 温度探测器 小火球 水果小糖 奶小糖
圆润有弹性,35,7,煎铛噗灵
圆润有弹性,30,10,放大镜 皇冠海星
圆润有弹性,30,14,鲈鱼 祭祀石 烟灰缸
圆润有弹性,30,6,猪罐 右半瓷
圆润有弹性,25,11,海胆 豹纹手铐
圆润有弹性,20,8,蓝海葵 小土包 地缚灵 左半碗 右半碗 左半瓷 报警器
圆润有弹性,20,12,小石怪
圆润有弹性,20,4,饭团 黑米团 泡菜团 火腿猪 比撒
圆润有弹性,10,10,瓶中脑
圆润有弹性,5,7,帝王蟹 行李车
圆润有弹性,0,0,水果笔记 蔬菜笔记 血迹 绿海草 绿礁石 蓝礁石 紫珊瑚 红珊瑚 黄砗磲 绵羊海兔 粉红海兔 紫水母 绿海绵 红海绵 双色克林姆 黑狼 水精灵 火狐 警帽 花丛 野狼 白狼 泥怪 阿头 阿尾 克林姆 巧克林姆 茶克林姆 玉子龟龟 寿司龟龟 甜虾龟龟 培根 芝士软泥 围观陶 陶面人 碰碰瓷 碧鱬 赤鱬 快陶鸭 三花猫 白猫 黑猫 情书 粉红帽 报纸 礼帽 羽毛笔 勒索信
圆润有弹性,0,8,鸮卣 金鸮卣
圆润有弹性,-5,1,蓝海兔 海蛇 红海葵 邮票 信封 相片
圆润有弹性,-10,2,海螺 海参 沼泽树精 雨林快走龙 沙漠快走龙 恐龙化石 寒带一角龙 热带一角龙 工地路障 警用路障
圆润有弹性,-15,3,烟斗 红砗磲 神仙鱼 蓝水母 黄水母 水熊虫 章鱼 打卡机 木制宝箱怪 稀有宝箱怪 传奇宝箱怪 彩色墨水 禁止通行 大树怪 树桩猴 刺毛怪 火喷泉 小火山 熔岩猪 入口 红外线探测 编钟 兽面鼎 摄像头 安全出口 邮筒 打火机 证物手机 蓝墨水 红墨水
圆润有弹性,-20,4,闪电海蛇 海星星 火山海参 小丑鱼 石巨人 钢铁刺毛怪 火山巨蟹 火精灵 火焰巨人 警戒线 高清摄像头 鱼化石 乌龟化石 门牌 煤气灯 消防栓 手铐
神秘感,120,24,陶面人
神秘感,105,21,瓶中脑 金鸮卣
神秘感,90,18,海胆 恐龙化石 黑猫
神秘感,80,16,蓝礁石 地缚灵 黑脸鱼子军舰 兽面鼎 豹纹手铐
神秘感,70,14,鸮卣
神秘感,65,13,打卡机 沼泽树精 黑米团
神秘感,55,11,火精灵
神秘感,50,10,钢铁刺毛怪 勒索信
神秘感,40,8,紫水母 稀有宝箱怪 小石怪 警戒线 证物手机
神秘感,35,7,布丁呆
神秘感,30,6,血迹 海螺 红海草 蓝水母 黑狼 禁止通行 刺毛怪 芒果滋 多拿滋 饭团 泡菜团 摄像头 安全出口 工地路障 窨井盖
神秘感,25,5,海星星 神仙鱼 帝王蟹 皇冠海星 章鱼 传奇宝箱怪 火焰巨人 塔可桑 比撒 高清摄像头 快陶鸭 消防栓 行李车
神秘感,20,6,紫色史莱姆
神秘感,15,3,蔬菜笔记 烟斗 黄砗磲 蓝海兔 闪电海蛇 火山海参 小丑鱼 蓝海葵 黄水母 红海绵 鱿鱼 煎铛噗灵 火狐 彩色墨水 警帽 白狼 石巨人 火山巨蟹 奶小糖 铛噗灵 火腿猪 猪罐 热带一角龙 白猫 邮筒 礼帽 信封 煤气灯 警用路障 打火机 红墨水
神秘感,5,1,水果笔记 放大镜 怀表 绿礁石 紫珊瑚 红珊瑚 红砗磲 绵羊海兔 粉红海兔 海蛇 海参 鲈鱼 红海葵 水熊虫 绿海绵 双色克林姆 水精灵 木制宝箱怪 温度探测器 花丛 小花球 大树怪 树桩猴 野狼 祭祀石 小土包 沼泽地 泥怪 火喷泉 小火山 小火球 熔岩猪 阿头 阿尾 克林姆 巧克林姆 茶克林姆 水果小糖 夹心肉球 玉子龟龟 寿司龟龟 甜虾龟龟 培根 芝士软泥 入口 红外线探测 围观陶 编钟 左半瓷 右半瓷 碰碰瓷 雨林快走龙 沙漠快走龙 鱼化石 乌龟化石 碧鱬 赤鱬 寒带一角龙 情书 粉红帽 报纸 羽毛笔 邮票 门牌 烟灰缸 手铐 相片 报警器 蓝墨水
神秘感,-5,1,绿海草 绿色史莱姆 蓝色史莱姆 红色史莱姆 草莓 梨几 桃几 苹狗 左半碗 右半碗 三花猫
知识渊博,120,24,蔬菜笔记 红海绵
知识渊博,115,23,水果笔记 绿海绵
知识渊博,100,20,黄砗磲 红墨水
知识渊博,95,19,水熊虫 报纸
知识渊博,90,18,瓶中脑 黄水母
知识渊博,85,17,蓝墨水
知识渊博,80,16,蓝海兔 皇冠海星 章鱼 信封
知识渊博,75,15,烟斗 紫珊瑚 海蛇 陶面人 情书 礼帽 邮票 勒索信
知识渊博,70,14,放大镜 绵羊海兔 粉红海兔 紫水母 羽毛笔
知识渊博,65,13,证物手机
知识渊博,60,12,蓝水母 围观陶 编钟 左半瓷 右半瓷 金鸮卣
知识渊博,55,11,鱿鱼 邮筒
知识渊博,55,12,左半碗 右半碗
知识渊博,50,10,怀表 红砗磲
知识渊博,45,9,石巨人 沼泽树精
知识渊博,40,8,大树怪 祭祀石 地缚灵 鸮卣 鱼化石 乌龟化石
知识渊博,35,7,彩色墨水
知识渊博,30,6,红海葵 相片
知识渊博,25,5,兽面鼎
知识渊博,15,3,海星星 神仙鱼 帝王蟹 传奇宝箱怪 钢铁刺毛怪 火焰巨人 塔可桑 比撒 高清摄像头 快陶鸭 消防栓 行李车
知识渊博,10,2,闪电海蛇 火山海参 小丑鱼 蓝海葵 海胆 煎铛噗灵 打卡机 火狐 稀有宝箱怪 警帽 白狼 火山巨蟹 奶小糖 布丁呆 铛噗灵 火腿猪 猪罐 警戒线 恐龙化石 热带一角龙 白猫 黑猫 煤气灯 警用路障 打火机
知识渊博,5,1,血迹 绿礁石 蓝礁石 红珊瑚 海螺 红海草 海参 鲈鱼 双色克林姆 黑狼 水精灵 木制宝箱怪 温度探测器 禁止通行 花丛 小花球 树桩猴 野狼 小石怪 小土包 沼泽地 泥怪 刺毛怪 火喷泉 小火山 小火球 熔岩猪 火精灵 阿头 阿尾 克林姆 巧克林姆 茶克林姆 水果小糖 芒果滋 多拿滋 黑脸鱼子军舰 饭团 黑米团 泡菜团 夹心肉球 玉子龟龟 寿司龟龟 甜虾龟龟 培根 芝士软泥 入口 红外线探测 碰碰瓷 雨林快走龙 沙漠快走龙 摄像头 碧鱬 赤鱬 寒带一角龙 安全出口 粉红帽 门牌 工地路障 窨井盖 烟灰缸 手铐 报警器 豹纹手铐
知识渊博,0,1,绿海草 绿色史莱姆 蓝色史莱姆 紫色史莱姆 红色史莱姆 草莓 梨几 桃几 苹狗 三花猫
增进食欲,110,22,寿司龟龟 甜虾龟龟
增进食欲,105,21,塔可桑
增进食欲,95,19,玉子龟龟
增进食欲,90,18,饭团
增进食欲,85,17,煎铛噗灵 黑脸鱼子军舰 夹心肉球 铛噗灵 培根 火腿猪 比撒
增进食欲,80,16,芝士软泥
增进食欲,75,15,水果小糖 黑米团
增进食欲,70,14,阿头 阿尾 芒果滋 多拿滋 布丁呆 泡菜团
增进食欲,65,13,双色克林姆 克林姆 巧克林姆 茶克林姆 奶小糖
增进食欲,25,5,熔岩猪
增进食欲,20,4,火山巨蟹
增进食欲,20,16,草莓 苹狗
增进食欲,10,14,梨几 桃几
增进食欲,0,0,绿海草 绿礁石 蓝礁石 黑狼 火狐 野狼 白狼 刺毛怪 钢铁刺毛怪 雨林快走龙 沙漠快走龙 恐龙化石 寒带一角龙 热带一角龙 快陶鸭 三花猫 白猫 黑猫
增进食欲,-30,6,花丛 小花球 大树怪 树桩猴
增进食欲,-55,6,鱼化石 乌龟化石
增进食欲,-60,5,紫色史莱姆
增进食欲,-65,4,碧鱬 赤鱬
增进食欲,-70,3,蓝色史莱姆
增进食欲,-80,1,水果笔记 蔬菜笔记 放大镜 怀表 烟斗 血迹 瓶中脑 紫珊瑚 红珊瑚 红砗磲 黄砗磲 绵羊海兔 粉红海兔 蓝海兔 海蛇 闪电海蛇 海螺 海星星 红海草 海参 火山海参 鲈鱼 小丑鱼 神仙鱼 红海葵 蓝海葵 蓝水母 紫水母 黄水母 水熊虫 海胆 帝王蟹 绿海绵 红海绵 皇冠海星 鱿鱼 章鱼 打卡机 水精灵 木制宝箱怪 稀有宝箱怪 传奇宝箱怪 彩色墨水 警帽 温度探测器 禁止通行 绿色史莱姆 红色史莱姆 祭祀石 小石怪 石巨人 小土包 地缚灵 沼泽地 泥怪 火喷泉 小火山 小火球 火精灵 火焰巨人 左半碗 右半碗 入口 红外线探测 围观陶 陶面人 编钟 兽面鼎 猪罐 左半瓷 右半瓷 碰碰瓷 警戒线 摄像头 高清摄像头 鸮卣 金鸮卣 安全出口 情书 粉红帽 邮筒 报纸 礼帽 羽毛笔 邮票 信封 门牌 工地路障 煤气灯 窨井盖 警用路障 消防栓 烟灰缸 手铐 打火机 相片 报警器 证物手机 勒索信 蓝墨水 红墨水 豹纹手铐 行李车
增进食欲,-110,7,沼泽树精
肉系宠物,110,22,熔岩猪
肉系宠物,105,21,火山巨蟹
肉系宠物,100,20,夹心肉球 培根 火腿猪
肉系宠物,70,14,塔可桑 寿司龟龟 甜虾龟龟
肉系宠物,40,8,黑脸鱼子军舰 玉子龟龟
肉系宠物,30,6,煎铛噗灵 饭团 铛噗灵 芝士软泥 比撒
肉系宠物,25,5,绿海草 绿礁石 蓝礁石 黑狼 火狐 野狼 白狼 刺毛怪 钢铁刺毛怪 雨林快走龙 沙漠快走龙 恐龙化石 寒带一角龙 热带一角龙 快陶鸭 三花猫 白猫 黑猫
肉系宠物,10,2,黑米团 泡菜团
肉系宠物,0,0,双色克林姆 阿头 阿尾 克林姆 巧克林姆 茶克林姆 水果小糖 奶小糖 芒果滋 多拿滋 布丁呆
肉系宠物,-30,11,猪罐
肉系宠物,-40,9,鱼化石 乌龟化石
肉系宠物,-60,5,碧鱬 赤鱬
肉系宠物,-80,1,水果笔记 蔬菜笔记 放大镜 怀表 烟斗 血迹 瓶中脑 紫珊瑚 红珊瑚 红砗磲 黄砗磲 绵羊海兔 粉红海兔 蓝海兔 海蛇 闪电海蛇 海螺 海星星 红海草 海参 火山海参 鲈鱼 小丑鱼 神仙鱼 红海葵 蓝海葵 蓝水母 紫水母 黄水母 水熊虫 海胆 帝王蟹 绿海绵 红海绵 皇冠海星 鱿鱼 章鱼 打卡机 水精灵 木制宝箱怪 稀有宝箱怪 传奇宝箱怪 彩色墨水 警帽 温度探测器 禁止通行 绿色史莱姆 蓝色史莱姆 紫色史莱姆 红色史莱姆 花丛 小花球 大树怪 树桩猴 祭祀石 小石怪 石巨人 小土包 地缚灵 沼泽地 泥怪 火喷泉 小火山 小火球 火精灵 火焰巨人 草莓 梨几 桃几 苹狗 左半碗 右半碗 入口 红外线探测 围观陶 陶面人 编钟 兽面鼎 左半瓷 右半瓷 碰碰瓷 警戒线 摄像头 高清摄像头 鸮卣 金鸮卣 安全出口 情书 粉红帽 邮筒 报纸 礼帽 羽毛笔 邮票 信封 门牌 工地路障 煤气灯 窨井盖 警用路障 消防栓 烟灰缸 手铐 打火机 相片 报警器 证物手机 勒索信 蓝墨水 红墨水 豹纹手铐 行李车
肉系宠物,-160,2,沼泽树精
草系宠物,120,24,梨几
草系宠物,110,22,大树怪
草系宠物,100,20,花丛
草系宠物,90,18,小花球 树桩猴
草系宠物,80,16,草莓 桃几 苹狗
草系宠物,20,21,沼泽树精
草系宠物,20,4,黑米团
草系宠物,0,0,双色克林姆 煎铛噗灵 阿头 阿尾 克林姆 巧克林姆 茶克林姆 水果小糖 奶小糖 芒果滋 多拿滋 布丁呆 黑脸鱼子军舰 塔可桑 饭团 泡菜团 夹心肉球 铛噗灵 玉子龟龟 寿司龟龟 甜虾龟龟 培根 火腿猪 芝士软泥 比撒
草系宠物,-50,7,蓝色史莱姆
草系宠物,-55,6,绿色史莱姆 石巨人 小土包
草系宠物,-80,1,水果笔记 蔬菜笔记 放大镜 怀表 烟斗 血迹 瓶中脑 绿海草 绿礁石 蓝礁石 紫珊瑚 红珊瑚 红砗磲 黄砗磲 绵羊海兔 粉红海兔 蓝海兔 海蛇 闪电海蛇 海螺 海星星 红海草 海参 火山海参 鲈鱼 小丑鱼 神仙鱼 红海葵 蓝海葵 蓝水母 紫水母 黄水母 水熊虫 海胆 帝王蟹 绿海绵 红海绵 皇冠海星 鱿鱼 章鱼 打卡机 黑狼 水精灵 火狐 木制宝箱怪 稀有宝箱怪 传奇宝箱怪 彩色墨水 警帽 温度探测器 禁止通行 紫色史莱姆 红色史莱姆 野狼 白狼 祭祀石 小石怪 地缚灵 沼泽地 泥怪 刺毛怪 钢铁刺毛怪 火喷泉 小火山 小火球 熔岩猪 火山巨蟹 火精灵 火焰巨人 左半碗 右半碗 入口 红外线探测 围观陶 陶面人 编钟 兽面鼎 猪罐 左半瓷 右半瓷 碰碰瓷 警戒线 雨林快走龙 沙漠快走龙 恐龙化石 摄像头 高清摄像头 鸮卣 金鸮卣 鱼化石 乌龟化石 碧鱬 赤鱬 寒带一角龙 热带一角龙 安全出口 快陶鸭 三花猫 白猫 黑猫 情书 粉红帽 邮筒 报纸 礼帽 羽毛笔 邮票 信封 门牌 工地路障 煤气灯 窨井盖 警用路障 消防栓 烟灰缸 手铐 打火机 相片 报警器 证物手机 勒索信 蓝墨水 红墨水 豹纹手铐 行李车
色彩单调,105,21,小丑鱼 黑狼 黑米团 手铐
色彩单调,100,20,粉红海兔 红海草 白狼 羽毛笔 窨井盖
色彩单调,95,19,野狼 祭祀石 小石怪 铛噗灵
色彩单调,85,17,温度探测器 饭团 红外线探测 摄像头 高清摄像头
色彩单调,80,16,奶小糖 恐龙化石
色彩单调,75,15,水果笔记 绿礁石 蓝礁石 黄砗磲 绿海绵 绿色史莱姆 紫色史莱姆 小土包 沼泽地 泥怪 桃几 夹心肉球 陶面人 编钟 兽面鼎 猪罐 鸮卣 快陶鸭 白猫 黑猫 报纸
色彩单调,65,15,煎铛噗灵
色彩单调,65,13,石巨人
色彩单调,60,12,烟斗 紫水母 章鱼 水果小糖 多拿滋 雨林快走龙 安全出口 勒索信
色彩单调,60,18,神仙鱼 蓝色史莱姆 红色史莱姆 火喷泉 小火球 草莓 梨几 苹狗 打火机
色彩单调,60,16,黑脸鱼子军舰 乌龟化石
色彩单调,55,11,红珊瑚 树桩猴 地缚灵 左半瓷 右半瓷 粉红帽
色彩单调,55,19,红砗磲 蓝水母 火腿猪 围观陶 碧鱬 赤鱬 邮筒 证物手机
色彩单调,55,15,钢铁刺毛怪 巧克林姆 警戒线
色彩单调,50,20,蔬菜笔记 血迹 黄水母 水熊虫 红海绵 芝士软泥 金鸮卣 蓝墨水 红墨水
色彩单调,50,16,火焰巨人 碰碰瓷
色彩单调,45,17,绵羊海兔 打卡机 警帽 礼帽
色彩单调,45,13,双色克林姆
色彩单调,45,9,大树怪 沼泽树精
色彩单调,45,15,阿头 阿尾
色彩单调,40,16,怀表 海螺 海参 火山海参 蓝海葵 海胆 鱿鱼 水精灵 禁止通行 泡菜团 沙漠快走龙 寒带一角龙 热带一角龙 工地路障 警用路障 消防栓 报警器 豹纹手铐
色彩单调,40,10,紫珊瑚 鲈鱼 情书 烟灰缸
色彩单调,40,14,火精灵
色彩单调,40,8,甜虾龟龟
色彩单调,35,11,闪电海蛇 海星星 小花球 克林姆 茶克林姆 芒果滋 鱼化石 门牌 煤气灯
色彩单调,35,15,培根 左半碗 右半碗
色彩单调,30,10,海蛇 信封
色彩单调,30,12,花丛 小火山 火山巨蟹
色彩单调,25,13,放大镜 皇冠海星 刺毛怪 熔岩猪
色彩单调,25,5,瓶中脑
色彩单调,25,9,蓝海兔 邮票
色彩单调,25,11,玉子龟龟 寿司龟龟
色彩单调,20,14,帝王蟹 木制宝箱怪 行李车
色彩单调,15,15,绿海草 三花猫
色彩单调,10,12,火狐
色彩单调,10,10,布丁呆
色彩单调,5,11,塔可桑 入口
色彩单调,-5,7,稀有宝箱怪
色彩单调,-10,8,红海葵 比撒 相片
色彩单调,-50,10,传奇宝箱怪
色彩单调,-95,19,彩色墨水
弱小的潜力股,90,30,绿海草 绿色史莱姆 蓝色史莱姆 紫色史莱姆 红色史莱姆 草莓 梨几 桃几 苹狗 左半碗 右半碗 三花猫
弱小的潜力股,75,25,水果笔记 放大镜 怀表 血迹 绿礁石 蓝礁石 紫珊瑚 红珊瑚 红砗磲 绵羊海兔 粉红海兔 海蛇 海螺 红海草 海参 鲈鱼 红海葵 蓝水母 水熊虫 绿海绵 双色克林姆 黑狼 水精灵 木制宝箱怪 温度探测器 禁止通行 花丛 小花球 大树怪 树桩猴 野狼 祭祀石 小石怪 小土包 地缚灵 沼泽地 泥怪 刺毛怪 火喷泉 小火山 小火球 熔岩猪 火精灵 阿头 阿尾 克林姆 巧克林姆 茶克林姆 水果小糖 芒果滋 多拿滋 黑脸鱼子军舰 饭团 黑米团 泡菜团 夹心肉球 玉子龟龟 寿司龟龟 甜虾龟龟 培根 芝士软泥 入口 红外线探测 围观陶 编钟 兽面鼎 左半瓷 右半瓷 碰碰瓷 雨林快走龙 沙漠快走龙 摄像头 鸮卣 鱼化石 乌龟化石 碧鱬 赤鱬 寒带一角龙 安全出口 情书 粉红帽 报纸 羽毛笔 邮票 门牌 工地路障 窨井盖 烟灰缸 手铐 相片 报警器 蓝墨水 豹纹手铐
弱小的潜力股,0,36,蔬菜笔记 烟斗 黄砗磲 蓝海兔 闪电海蛇 火山海参 小丑鱼 蓝海葵 紫水母 黄水母 海胆 红海绵 鱿鱼 煎铛噗灵 打卡机 火狐 稀有宝箱怪 彩色墨水 警帽 白狼 石巨人 沼泽树精 火山巨蟹 奶小糖 布丁呆 铛噗灵 火腿猪 陶面人 猪罐 警戒线 恐龙化石 热带一角龙 白猫 黑猫 邮筒 礼帽 信封 煤气灯 警用路障 打火机 证物手机 红墨水
弱小的潜力股,-30,38,瓶中脑 海星星 神仙鱼 帝王蟹 皇冠海星 章鱼 传奇宝箱怪 钢铁刺毛怪 火焰巨人 塔可桑 比撒 高清摄像头 金鸮卣 快陶鸭 消防栓 勒索信 行李车
几何形状,116,23,红海草 窨井盖
几何形状,112,22,木制宝箱怪
几何形状,101,20,鲈鱼 祭祀石 烟灰缸
几何形状,97,19,怀表 鱿鱼 打卡机 稀有宝箱怪 传奇宝箱怪 温度探测器 水果小糖 奶小糖
几何形状,93,18,苹狗
几何形状,86,17,闪电海蛇 小丑鱼 小石怪 高清摄像头 门牌 手铐
几何形状,85,17,小火球 桃几 芒果滋 多拿滋 塔可桑 夹心肉球
几何形状,82,16,神仙鱼 蓝水母 海胆 禁止通行 入口 红外线探测 摄像头 安全出口 打火机 证物手机 豹纹手铐
几何形状,80,18,绿色史莱姆 蓝色史莱姆 紫色史莱姆 红色史莱姆
几何形状,78,15,放大镜 皇冠海星
几何形状,75,19,布丁呆
几何形状,74,15,蓝海兔 海蛇 红海葵 邮票 信封 相片
几何形状,70,14,水果笔记 蔬菜笔记 紫珊瑚 黄砗磲 紫水母 绿海绵 红海绵 小花球 草莓 梨几 情书 报纸 勒索信
几何形状,63,12,蓝海葵 小土包 地缚灵 左半碗 右半碗 左半瓷 报警器
几何形状,61,16,瓶中脑
几何形状,56,11,鸮卣 金鸮卣
几何形状,55,11,野狼 熔岩猪 铛噗灵 猪罐 右半瓷
几何形状,52,10,帝王蟹 行李车
几何形状,51,10,海星星 警戒线 煤气灯
几何形状,47,9,黄水母 水熊虫 彩色墨水 蓝墨水 红墨水
几何形状,46,9,火山海参 消防栓
几何形状,43,8,海螺 海参 工地路障 警用路障
几何形状,42,8,红砗磲 大树怪 邮筒
几何形状,40,8,饭团 黑米团 泡菜团 火腿猪
几何形状,30,10,比撒
几何形状,25,5,小火山 黑脸鱼子军舰
几何形状,20,4,粉红海兔 玉子龟龟 寿司龟龟 甜虾龟龟 羽毛笔
几何形状,16,3,鱼化石 乌龟化石
几何形状,12,2,烟斗 章鱼 兽面鼎
几何形状,8,1,寒带一角龙 热带一角龙
几何形状,2,4,编钟
几何形状,0,0,绿海草 绿礁石 蓝礁石 煎铛噗灵 黑狼 火狐 花丛 白狼 刺毛怪 钢铁刺毛怪 火山巨蟹 阿头 阿尾 培根 快陶鸭 三花猫 白猫 黑猫
几何形状,-2,3,雨林快走龙 沙漠快走龙 恐龙化石
几何形状,-3,5,树桩猴
几何形状,-9,8,石巨人
几何形状,-10,2,围观陶 陶面人 碰碰瓷 碧鱬 赤鱬
几何形状,-15,3,红珊瑚 绵羊海兔 警帽 粉红帽 礼帽
几何形状,-20,4,沼泽树精
几何形状,-25,5,水精灵 火精灵 火焰巨人
几何形状,-30,6,火喷泉
几何形状,-40,8,双色克林姆 沼泽地 克林姆 巧克林姆 茶克林姆
几何形状,-45,9,泥怪
几何形状,-50,10,血迹 芝士软泥
陷阱捕捉,105,21,钢铁刺毛怪
陷阱捕捉,100,20,白狼 石巨人 沼泽树精 火山巨蟹 火腿猪 猪罐 热带一角龙
陷阱捕捉,95,19,花丛 小花球 大树怪 树桩猴 野狼 祭祀石 小石怪 刺毛怪 熔岩猪 黑脸鱼子军舰 玉子龟龟 寿司龟龟 甜虾龟龟 兽面鼎 雨林快走龙 沙漠快走龙 寒带一角龙
陷阱捕捉,90,18,绿色史莱姆 蓝色史莱姆 紫色史莱姆 红色史莱姆
陷阱捕捉,25,5,传奇宝箱怪
陷阱捕捉,20,4,煎铛噗灵 打卡机 火狐 稀有宝箱怪 彩色墨水 警帽
陷阱捕捉,15,3,双色克林姆 黑狼 水精灵 木制宝箱怪 温度探测器 禁止通行
陷阱捕捉,-55,6,瓶中脑 海星星 神仙鱼 帝王蟹 皇冠海星 章鱼 火焰巨人 塔可桑 比撒 高清摄像头 金鸮卣 快陶鸭 消防栓 勒索信 行李车
陷阱捕捉,-60,5,蔬菜笔记 烟斗 黄砗磲 蓝海兔 闪电海蛇 火山海参 小丑鱼 蓝海葵 紫水母 黄水母 海胆 红海绵 鱿鱼 奶小糖 布丁呆 铛噗灵 陶面人 警戒线 恐龙化石 白猫 黑猫 邮筒 礼帽 信封 煤气灯 警用路障 打火机 证物手机 红墨水
陷阱捕捉,-65,4,水果笔记 放大镜 怀表 血迹 绿礁石 蓝礁石 紫珊瑚 红珊瑚 红砗磲 绵羊海兔 粉红海兔 海蛇 海螺 红海草 海参 鲈鱼 红海葵 蓝水母 水熊虫 绿海绵 小土包 地缚灵 沼泽地 泥怪 火喷泉 小火山 小火球 火精灵 阿头 阿尾 克林姆 巧克林姆 茶克林姆 水果小糖 芒果滋 多拿滋 饭团 黑米团 泡菜团 夹心肉球 培根 芝士软泥 入口 红外线探测 围观陶 编钟 左半瓷 右半瓷 碰碰瓷 摄像头 鸮卣 鱼化石 乌龟化石 碧鱬 赤鱬 安全出口 情书 粉红帽 报纸 羽毛笔 邮票 门牌 工地路障 窨井盖 烟灰缸 手铐 相片 报警器 蓝墨水 豹纹手铐
陷阱捕捉,-70,3,绿海草 草莓 梨几 桃几 苹狗 左半碗 右半碗 三花猫
空瓶捕捉,105,21,火焰巨人 勒索信
空瓶捕捉,100,20,黄砗磲 紫水母 黄水母 奶小糖 陶面人 信封 红墨水
空瓶捕捉,95,19,血迹 紫珊瑚 海蛇 水熊虫 小土包 地缚灵 沼泽地 泥怪 火喷泉 小火山 小火球 火精灵 克林姆 巧克林姆 茶克林姆 水果小糖 夹心肉球 芝士软泥 鱼化石 乌龟化石 碧鱬 赤鱬 情书 报纸 蓝墨水
空瓶捕捉,90,18,草莓 梨几 桃几 苹狗
空瓶捕捉,25,5,传奇宝箱怪
空瓶捕捉,20,4,煎铛噗灵 打卡机 火狐 稀有宝箱怪 彩色墨水 警帽
空瓶捕捉,15,3,双色克林姆 黑狼 水精灵 木制宝箱怪 温度探测器 禁止通行
空瓶捕捉,-55,6,瓶中脑 海星星 神仙鱼 帝王蟹 皇冠海星 章鱼 钢铁刺毛怪 塔可桑 比撒 高清摄像头 金鸮卣 快陶鸭 消防栓 行李车
空瓶捕捉,-60,5,蔬菜笔记 烟斗 蓝海兔 闪电海蛇 火山海参 小丑鱼 蓝海葵 海胆 红海绵 鱿鱼 白狼 石巨人 沼泽树精 火山巨蟹 布丁呆 铛噗灵 火腿猪 猪罐 警戒线 恐龙化石 热带一角龙 白猫 黑猫 邮筒 礼帽 煤气灯 警用路障 打火机 证物手机
空瓶捕捉,-65,4,水果笔记 放大镜 怀表 绿礁石 蓝礁石 红珊瑚 红砗磲 绵羊海兔 粉红海兔 海螺 红海草 海参 鲈鱼 红海葵 蓝水母 绿海绵 花丛 小花球 大树怪 树桩猴 野狼 祭祀石 小石怪 刺毛怪 熔岩猪 阿头 阿尾 芒果滋 多拿滋 黑脸鱼子军舰 饭团 黑米团 泡菜团 玉子龟龟 寿司龟龟 甜虾龟龟 培根 入口 红外线探测 围观陶 编钟 兽面鼎 左半瓷 右半瓷 碰碰瓷 雨林快走龙 沙漠快走龙 摄像头 鸮卣 寒带一角龙 安全出口 粉红帽 羽毛笔 邮票 门牌 工地路障 窨井盖 烟灰缸 手铐 相片 报警器 豹纹手铐
空瓶捕捉,-70,3,绿海草 绿色史莱姆 蓝色史莱姆 紫色史莱姆 红色史莱姆 左半碗 右半碗 三花猫
纸袋捕捉,105,21,塔可桑 比撒
纸袋捕捉,100,20,蓝海兔 布丁呆 铛噗灵 礼帽
纸袋捕捉,95,19,红珊瑚 绵羊海兔 粉红海兔 红海葵 阿头 阿尾 芒果滋 多拿滋 饭团 黑米团 泡菜团 培根 粉红帽 羽毛笔 邮票 相片
纸袋捕捉,25,5,传奇宝箱怪
纸袋捕捉,20,4,煎铛噗灵 打卡机 火狐 稀有宝箱怪 彩色墨水 警帽
纸袋捕捉,15,3,双色克林姆 黑狼 水精灵 木制宝箱怪 温度探测器 禁止通行
纸袋捕捉,-55,6,瓶中脑 海星星 神仙鱼 帝王蟹 皇冠海星 章鱼 钢铁刺毛怪 火焰巨人 高清摄像头 金鸮卣 快陶鸭 消防栓 勒索信 行李车
纸袋捕捉,-60,5,蔬菜笔记 烟斗 黄砗磲 闪电海蛇 火山海参 小丑鱼 蓝海葵 紫水母 黄水母 海胆 红海绵 鱿鱼 白狼 石巨人 沼泽树精 火山巨蟹 奶小糖 火腿猪 陶面人 猪罐 警戒线 恐龙化石 热带一角龙 白猫 黑猫 邮筒 信封 煤气灯 警用路障 打火机 证物手机 红墨水
纸袋捕捉,-65,4,水果笔记 放大镜 怀表 血迹 绿礁石 蓝礁石 紫珊瑚 红砗磲 海蛇 海螺 红海草 海参 鲈鱼 蓝水母 水熊虫 绿海绵 花丛 小花球 大树怪 树桩猴 野狼 祭祀石 小石怪 小土包 地缚灵 沼泽地 泥怪 刺毛怪 火喷泉 小火山 小火球 熔岩猪 火精灵 克林姆 巧克林姆 茶克林姆 水果小糖 黑脸鱼子军舰 夹心肉球 玉子龟龟 寿司龟龟 甜虾龟龟 芝士软泥 入口 红外线探测 围观陶 编钟 兽面鼎 左半瓷 右半瓷 碰碰瓷 雨林快走龙 沙漠快走龙 摄像头 鸮卣 鱼化石 乌龟化石 碧鱬 赤鱬 寒带一角龙 安全出口 情书 报纸 门牌 工地路障 窨井盖 烟灰缸 手铐 报警器 蓝墨水 豹纹手铐
纸袋捕捉,-70,3,绿海草 绿色史莱姆 蓝色史莱姆 紫色史莱姆 红色史莱姆 草莓 梨几 桃几 苹狗 左半碗 右半碗 三花猫
工具箱捕捉,105,21,海星星 帝王蟹 高清摄像头 消防栓 行李车
工具箱捕捉,100,20,闪电海蛇 火山海参 警戒线 邮筒 煤气灯
工具箱捕捉,95,19,红砗磲 红海草 入口 红外线探测 摄像头 安全出口 门牌 窨井盖
工具箱捕捉,25,5,传奇宝箱怪
工具箱捕捉,20,4,煎铛噗灵 打卡机 火狐 稀有宝箱怪 彩色墨水 警帽
工具箱捕捉,15,3,双色克林姆 黑狼 水精灵 木制宝箱怪 温度探测器 禁止通行
工具箱捕捉,-55,6,瓶中脑 神仙鱼 皇冠海星 章鱼 钢铁刺毛怪 火焰巨人 塔可桑 比撒 金鸮卣 快陶鸭 勒索信
工具箱捕捉,-60,5,蔬菜笔记 烟斗 黄砗磲 蓝海兔 小丑鱼 蓝海葵 紫水母 黄水母 海胆 红海绵 鱿鱼 白狼 石巨人 沼泽树精 火山巨蟹 奶小糖 布丁呆 铛噗灵 火腿猪 陶面人 猪罐 恐龙化石 热带一角龙 白猫 黑猫 礼帽 信封 警用路障 打火机 证物手机 红墨水
工具箱捕捉,-65,4,水果笔记 放大镜 怀表 血迹 绿礁石 蓝礁石 紫珊瑚 红珊瑚 绵羊海兔 粉红海兔 海蛇 海螺 海参 鲈鱼 红海葵 蓝水母 水熊虫 绿海绵 花丛 小花球 大树怪 树桩猴 野狼 祭祀石 小石怪 小土包 地缚灵 沼泽地 泥怪 刺毛怪 火喷泉 小火山 小火球 熔岩猪 火精灵 阿头 阿尾 克林姆 巧克林姆 茶克林姆 水果小糖 芒果滋 多拿滋 黑脸鱼子军舰 饭团 黑米团 泡菜团 夹心肉球 玉子龟龟 寿司龟龟 甜虾龟龟 培根 芝士软泥 围观陶 编钟 兽面鼎 左半瓷 右半瓷 碰碰瓷 雨林快走龙 沙漠快走龙 鸮卣 鱼化石 乌龟化石 碧鱬 赤鱬 寒带一角龙 情书 粉红帽 报纸 羽毛笔 邮票 工地路障 烟灰缸 手铐 相片 报警器 蓝墨水 豹纹手铐
工具箱捕捉,-70,3,绿海草 绿色史莱姆 蓝色史莱姆 紫色史莱姆 红色史莱姆 草莓 梨几 桃几 苹狗 左半碗 右半碗 三花猫
纸板箱捕捉,105,21,瓶中脑 神仙鱼 皇冠海星 章鱼 金鸮卣 快陶鸭
纸板箱捕捉,100,20,蔬菜笔记 烟斗 小丑鱼 蓝海葵 海胆 红海绵 鱿鱼 恐龙化石 白猫 黑猫 警用路障 打火机 证物手机
纸板箱捕捉,95,19,水果笔记 放大镜 怀表 绿礁石 蓝礁石 海螺 海参 鲈鱼 蓝水母 绿海绵 围观陶 编钟 左半瓷 右半瓷 碰碰瓷 鸮卣 工地路障 烟灰缸 手铐 报警器 豹纹手铐
纸板箱捕捉,90,18,绿海草 左半碗 右半碗 三花猫
纸板箱捕捉,25,5,传奇宝箱怪
纸板箱捕捉,20,4,煎铛噗灵 打卡机 火狐 稀有宝箱怪 彩色墨水 警帽
纸板箱捕捉,15,3,双色克林姆 黑狼 水精灵 木制宝箱怪 温度探测器 禁止通行
纸板箱捕捉,-55,6,海星星 帝王蟹 钢铁刺毛怪 火焰巨人 塔可桑 比撒 高清摄像头 消防栓 勒索信 行李车
纸板箱捕捉,-60,5,黄砗磲 蓝海兔 闪电海蛇 火山海参 紫水母 黄水母 白狼 石巨人 沼泽树精 火山巨蟹 奶小糖 布丁呆 铛噗灵 火腿猪 陶面人 猪罐 警戒线 热带一角龙 邮筒 礼帽 信封 煤气灯 红墨水
纸板箱捕捉,-65,4,血迹 紫珊瑚 红珊瑚 红砗磲 绵羊海兔 粉红海兔 海蛇 红海草 红海葵 水熊虫 花丛 小花球 大树怪 树桩猴 野狼 祭祀石 小石怪 小土包 地缚灵 沼泽地 泥怪 刺毛怪 火喷泉 小火山 小火球 熔岩猪 火精灵 阿头 阿尾 克林姆 巧克林姆 茶克林姆 水果小糖 芒果滋 多拿滋 黑脸鱼子军舰 饭团 黑米团 泡菜团 夹心肉球 玉子龟龟 寿司龟龟 甜虾龟龟 培根 芝士软泥 入口 红外线探测 兽面鼎 雨林快走龙 沙漠快走龙 摄像头 鱼化石 乌龟化石 碧鱬 赤鱬 寒带一角龙 安全出口 情书 粉红帽 报纸 羽毛笔 邮票 门牌 窨井盖 相片 蓝墨水
纸板箱捕捉,-70,3,绿色史莱姆 蓝色史莱姆 紫色史莱姆 红色史莱姆 草莓 梨几 桃几 苹狗
新奇稀有,100,20,瓶中脑 海星星 神仙鱼 帝王蟹 皇冠海星 章鱼 塔可桑 比撒 高清摄像头 金鸮卣 快陶鸭 消防栓 勒索信 行李车
新奇稀有,90,18,蔬菜笔记 烟斗 黄砗磲 蓝海兔 闪电海蛇 火山海参 小丑鱼 蓝海葵 紫水母 黄水母 海胆 红海绵 鱿鱼 煎铛噗灵 打卡机 彩色墨水 警帽 奶小糖 布丁呆 铛噗灵 火腿猪 陶面人 猪罐 警戒线 恐龙化石 热带一角龙 白猫 黑猫 邮筒 礼帽 信封 煤气灯 警用路障 打火机 证物手机 红墨水
新奇稀有,80,16,水果笔记 放大镜 怀表 血迹 绿礁石 蓝礁石 紫珊瑚 红珊瑚 红砗磲 绵羊海兔 粉红海兔 海蛇 海螺 红海草 海参 鲈鱼 红海葵 蓝水母 水熊虫 绿海绵 双色克林姆 温度探测器 禁止通行 阿头 阿尾 克林姆 巧克林姆 茶克林姆 水果小糖 芒果滋 多拿滋 黑脸鱼子军舰 饭团 黑米团 泡菜团 夹心肉球 玉子龟龟 寿司龟龟 甜虾龟龟 培根 芝士软泥 入口 红外线探测 围观陶 编钟 兽面鼎 左半瓷 右半瓷 碰碰瓷 雨林快走龙 沙漠快走龙 摄像头 鸮卣 鱼化石 乌龟化石 碧鱬 赤鱬 寒带一角龙 安全出口 情书 粉红帽 报纸 羽毛笔 邮票 门牌 工地路障 窨井盖 烟灰缸 手铐 相片 报警器 蓝墨水 豹纹手铐
新奇稀有,70,14,绿海草 草莓 梨几 桃几 苹狗 左半碗 右半碗 三花猫
新奇稀有,15,13,传奇宝箱怪 钢铁刺毛怪 火焰巨人
新奇稀有,5,11,火狐 稀有宝箱怪 白狼 石巨人 沼泽树精 火山巨蟹
新奇稀有,-5,9,黑狼 水精灵 木制宝箱怪 花丛 小花球 大树怪 树桩猴 野狼 祭祀石 小石怪 小土包 地缚灵 沼泽地 泥怪 刺毛怪 火喷泉 小火山 小火球 熔岩猪 火精灵
新奇稀有,-15,7,绿色史莱姆 蓝色史莱姆 紫色史莱姆 红色史莱姆
热乎乎,120,24,火焰巨人
热乎乎,100,20,神仙鱼 章鱼 塔可桑 比撒
热乎乎,95,19,烟斗 煎铛噗灵 火狐 火山巨蟹 铛噗灵 热带一角龙 打火机
热乎乎,90,18,火喷泉 小火山 小火球 熔岩猪 火精灵 阿头 阿尾 夹心肉球 芝士软泥
热乎乎,85,17,红色史莱姆
热乎乎,60,12,瓶中脑 海星星
热乎乎,55,11,白狼 火腿猪 白猫 黑猫 煤气灯
热乎乎,50,10,血迹 绿礁石 蓝礁石 黑狼 野狼 小土包 地缚灵 沼泽地 泥怪 饭团 黑米团 泡菜团 培根
热乎乎,45,9,绿海草 三花猫
热乎乎,30,7,钢铁刺毛怪 高清摄像头 快陶鸭
热乎乎,25,6,警帽 沼泽树精 奶小糖 布丁呆 猪罐 礼帽
热乎乎,20,5,红珊瑚 绵羊海兔 鲈鱼 温度探测器 花丛 小花球 大树怪 树桩猴 祭祀石 刺毛怪 水果小糖 芒果滋 多拿滋 黑脸鱼子军舰 玉子龟龟 寿司龟龟 甜虾龟龟 红外线探测 兽面鼎 雨林快走龙 沙漠快走龙 摄像头 碧鱬 赤鱬 粉红帽 烟灰缸
热乎乎,15,4,绿色史莱姆 紫色史莱姆 草莓 梨几 桃几 苹狗
热乎乎,10,10,帝王蟹 皇冠海星 传奇宝箱怪 金鸮卣 消防栓 勒索信 行李车
热乎乎,5,9,蔬菜笔记 黄砗磲 蓝海兔 闪电海蛇 火山海参 小丑鱼 蓝海葵 紫水母 黄水母 海胆 红海绵 鱿鱼 打卡机 稀有宝箱怪 彩色墨水 石巨人 陶面人 警戒线 恐龙化石 邮筒 信封 警用路障 证物手机 红墨水
热乎乎,0,8,水果笔记 放大镜 怀表 紫珊瑚 红砗磲 粉红海兔 海蛇 海螺 红海草 海参 红海葵 蓝水母 水熊虫 绿海绵 双色克林姆 水精灵 木制宝箱怪 禁止通行 小石怪 克林姆 巧克林姆 茶克林姆 入口 围观陶 编钟 左半瓷 右半瓷 碰碰瓷 鸮卣 鱼化石 乌龟化石 寒带一角龙 安全出口 情书 报纸 羽毛笔 邮票 门牌 工地路障 窨井盖 手铐 相片 报警器 蓝墨水 豹纹手铐
热乎乎,-5,7,蓝色史莱姆 左半碗 右半碗
机械,120,24,高清摄像头
机械,115,23,鱿鱼 证物手机
机械,110,22,怀表 蓝水母
机械,100,20,神仙鱼
机械,95,19,蓝海葵 打卡机 打火机
机械,90,18,温度探测器 红外线探测 摄像头 报警器
机械,80,16,海星星 传奇宝箱怪 消防栓
机械,75,15,火山海参 稀有宝箱怪 煤气灯
机械,70,14,木制宝箱怪
机械,60,12,帝王蟹 皇冠海星 行李车
机械,55,11,小丑鱼 海胆
机械,50,10,放大镜 手铐 豹纹手铐
机械,35,7,闪电海蛇 警戒线 邮筒
机械,30,6,红砗磲 禁止通行 入口 安全出口 门牌
机械,20,4,瓶中脑 章鱼 钢铁刺毛怪 火焰巨人 塔可桑 比撒 金鸮卣 快陶鸭 勒索信
机械,15,3,蔬菜笔记 烟斗 黄砗磲 蓝海兔 紫水母 黄水母 红海绵 煎铛噗灵 火狐 彩色墨水 警帽 白狼 火山巨蟹 奶小糖 布丁呆 铛噗灵 火腿猪 陶面人 猪罐 恐龙化石 热带一角龙 白猫 黑猫 礼帽 信封 警用路障 红墨水
机械,10,2,水果笔记 血迹 绿礁石 蓝礁石 紫珊瑚 红珊瑚 绵羊海兔 粉红海兔 海蛇 海螺 红海草 海参 鲈鱼 红海葵 水熊虫 绿海绵 双色克林姆 黑狼 树桩猴 野狼 祭祀石 小石怪 小土包 地缚灵 沼泽地 泥怪 刺毛怪 火喷泉 小火山 小火球 熔岩猪 火精灵 阿头 阿尾 克林姆 巧克林姆 茶克林姆 水果小糖 芒果滋 多拿滋 黑脸鱼子军舰 饭团 黑米团 泡菜团 夹心肉球 玉子龟龟 寿司龟龟 甜虾龟龟 培根 芝士软泥 围观陶 编钟 兽面鼎 左半瓷 右半瓷 碰碰瓷 雨林快走龙 沙漠快走龙 鸮卣 鱼化石 乌龟化石 碧鱬 赤鱬 寒带一角龙 情书 粉红帽 报纸 羽毛笔 邮票 工地路障 窨井盖 烟灰缸 相片 蓝墨水
机械,5,1,绿海草 绿色史莱姆 蓝色史莱姆 紫色史莱姆 红色史莱姆 草莓 梨几 桃几 苹狗 左半碗 右半碗 三花猫
机械,5,5,沼泽树精
机械,-5,5,小花球
机械,-5,7,石巨人
机械,-10,6,水精灵 花丛 大树怪
活力四射,110,22,快陶鸭
活力四射,105,21,绿礁石 白猫
活力四射,100,20,绿海草 蓝礁石 三花猫 黑猫
活力四射,95,19,雨林快走龙 沙漠快走龙
活力四射,85,17,火狐
活力四射,80,16,黑狼 野狼 白狼
活力四射,75,15,熔岩猪 恐龙化石
活力四射,70,14,刺毛怪 钢铁刺毛怪 火山巨蟹 寒带一角龙 热带一角龙
活力四射,35,7,火精灵
活力四射,30,6,水果小糖 奶小糖 夹心肉球 碰碰瓷
活力四射,25,5,粉红海兔 多拿滋 培根 羽毛笔
活力四射,20,4,黄砗磲 海蛇 红海草 小火球 芒果滋 报纸 信封 窨井盖
活力四射,20,10,树桩猴
活力四射,15,7,放大镜 皇冠海星
活力四射,15,3,紫珊瑚 蓝色史莱姆 紫色史莱姆 红色史莱姆 情书
活力四射,10,2,水果笔记 蔬菜笔记 烟斗 血迹 瓶中脑 红珊瑚 绵羊海兔 蓝海兔 海螺 海参 鲈鱼 红海葵 紫水母 黄水母 水熊虫 绿海绵 红海绵 章鱼 双色克林姆 煎铛噗灵 水精灵 彩色墨水 警帽 小石怪 地缚灵 沼泽地 泥怪 火喷泉 小火山 火焰巨人 阿头 阿尾 克林姆 巧克林姆 茶克林姆 布丁呆 黑脸鱼子军舰 塔可桑 饭团 黑米团 泡菜团 铛噗灵 玉子龟龟 寿司龟龟 甜虾龟龟 火腿猪 芝士软泥 比撒 左半碗 右半碗 围观陶 陶面人 编钟 兽面鼎 猪罐 左半瓷 右半瓷 鸮卣 金鸮卣 鱼化石 乌龟化石 碧鱬 赤鱬 粉红帽 礼帽 邮票 工地路障 警用路障 烟灰缸 相片 勒索信 蓝墨水 红墨水
活力四射,10,6,帝王蟹 行李车
活力四射,10,8,小花球
活力四射,5,3,红砗磲 闪电海蛇 禁止通行 入口 警戒线 安全出口 邮筒 门牌
活力四射,5,9,蓝海葵 报警器
活力四射,5,5,绿色史莱姆 草莓 梨几 桃几 苹狗
活力四射,5,1,祭祀石
活力四射,0,4,小丑鱼 海胆 小土包 手铐 豹纹手铐
活力四射,-5,5,海星星 火山海参 木制宝箱怪 稀有宝箱怪 传奇宝箱怪 煤气灯 消防栓
活力四射,-5,3,石巨人
活力四射,-10,6,神仙鱼 打卡机 温度探测器 花丛 沼泽树精 红外线探测 摄像头 打火机
活力四射,-15,7,怀表 蓝水母 鱿鱼 高清摄像头 证物手机
活力四射,-20,6,大树怪
有威胁的,110,22,帝王蟹 火狐 行李车
有威胁的,100,21,火焰巨人
有威胁的,90,18,白狼
有威胁的,90,19,高清摄像头
有威胁的,80,17,神仙鱼 蓝海葵 警帽 钢铁刺毛怪 警戒线 警用路障 消防栓
有威胁的,80,16,黑狼 恐龙化石
有威胁的,75,26,比撒
有威胁的,75,15,快陶鸭
有威胁的,70,15,海参 火山海参 小丑鱼 火山巨蟹 红外线探测 邮筒 打火机 报警器
有威胁的,70,18,石巨人
有威胁的,70,14,芒果滋 多拿滋
有威胁的,60,13,红砗磲 闪电海蛇 海螺 温度探测器 小石怪 小火山 入口 摄像头 热带一角龙 安全出口 工地路障 手铐
有威胁的,55,11,黑猫
有威胁的,50,11,禁止通行 寒带一角龙 门牌
有威胁的,50,14,祭祀石
有威胁的,45,10,瓶中脑 海星星 皇冠海星 传奇宝箱怪 金鸮卣 勒索信
有威胁的,45,9,蓝礁石 红海草 树桩猴 野狼 火精灵 窨井盖
有威胁的,40,12,大树怪
有威胁的,40,18,白猫
有威胁的,35,8,蔬菜笔记 黄砗磲 紫水母 海胆 红海绵 煎铛噗灵 打卡机 稀有宝箱怪 沼泽树精 布丁呆 铛噗灵 火腿猪 陶面人 礼帽 煤气灯 证物手机
有威胁的,35,7,熔岩猪
有威胁的,30,16,绿礁石
有威胁的,25,6,水果笔记 放大镜 血迹 绵羊海兔 粉红海兔 鲈鱼 红海葵 蓝水母 绿海绵 水精灵 木制宝箱怪 小土包 地缚灵 沼泽地 泥怪 刺毛怪 火喷泉 阿头 阿尾 黑脸鱼子军舰 饭团 黑米团 泡菜团 夹心肉球 玉子龟龟 寿司龟龟 甜虾龟龟 培根 芝士软泥 围观陶 编钟 兽面鼎 左半瓷 右半瓷 碰碰瓷 鸮卣 碧鱬 赤鱬 报纸 羽毛笔 烟灰缸 相片 豹纹手铐
有威胁的,20,15,章鱼
有威胁的,20,14,雨林快走龙 沙漠快走龙
有威胁的,15,15,小火球
有威胁的,15,4,左半碗 右半碗
有威胁的,15,12,猪罐
有威胁的,10,13,烟斗 蓝海兔 黄水母 鱿鱼 彩色墨水 信封 红墨水
有威胁的,10,12,绿海草 三花猫
有威胁的,10,9,花丛
有威胁的,10,17,塔可桑
有威胁的,5,14,奶小糖
有威胁的,0,11,怀表 紫珊瑚 红珊瑚 海蛇 水熊虫 双色克林姆 小花球 克林姆 巧克林姆 茶克林姆 鱼化石 乌龟化石 情书 粉红帽 邮票 蓝墨水
有威胁的,-5,12,水果小糖
有威胁的,-15,10,绿色史莱姆 蓝色史莱姆 紫色史莱姆 红色史莱姆 草莓 梨几 桃几 苹狗
跑得快,110,22,绿礁石 白猫
跑得快,100,20,绿海草 蓝礁石 三花猫 黑猫
跑得快,90,18,树桩猴 雨林快走龙 沙漠快走龙
跑得快,85,31,快陶鸭
跑得快,80,16,水果小糖 奶小糖 夹心肉球 碰碰瓷
跑得快,70,14,放大镜 粉红海兔 蓝海葵 皇冠海星 小花球 培根 羽毛笔 报警器
跑得快,60,12,海蛇 火狐 多拿滋 信封
跑得快,60,24,火精灵
跑得快,50,10,紫珊瑚 红海草 帝王蟹 黑狼 绿色史莱姆 蓝色史莱姆 紫色史莱姆 红色史莱姆 野狼 白狼 小火球 草莓 梨几 桃几 苹狗 芒果滋 情书 窨井盖 行李车
跑得快,40,8,恐龙化石
跑得快,30,6,水果笔记 蔬菜笔记 怀表 烟斗 血迹 瓶中脑 红珊瑚 红砗磲 绵羊海兔 蓝海兔 闪电海蛇 海螺 海参 火山海参 鲈鱼 小丑鱼 神仙鱼 红海葵 紫水母 黄水母 水熊虫 海胆 绿海绵 红海绵 鱿鱼 章鱼 煎铛噗灵 打卡机 木制宝箱怪 稀有宝箱怪 传奇宝箱怪 彩色墨水 警帽 温度探测器 禁止通行 花丛 小石怪 小土包 沼泽地 沼泽树精 刺毛怪 钢铁刺毛怪 火喷泉 小火山 火焰巨人 黑脸鱼子军舰 塔可桑 铛噗灵 比撒 左半碗 右半碗 入口 红外线探测 陶面人 兽面鼎 左半瓷 右半瓷 警戒线 摄像头 高清摄像头 鸮卣 金鸮卣 寒带一角龙 热带一角龙 安全出口 粉红帽 邮筒 礼帽 邮票 门牌 工地路障 警用路障 消防栓 烟灰缸 手铐 打火机 相片 勒索信 蓝墨水 红墨水 豹纹手铐
跑得快,30,18,黄砗磲 报纸
跑得快,20,4,大树怪 祭祀石 石巨人
跑得快,10,14,熔岩猪
跑得快,0,12,蓝水母 双色克林姆 水精灵 地缚灵 泥怪 火山巨蟹 克林姆 巧克林姆 茶克林姆 饭团 黑米团 泡菜团 围观陶 编钟 鱼化石 乌龟化石 碧鱬 赤鱬 证物手机
跑得快,-5,13,海星星 阿头 阿尾 布丁呆 玉子龟龟 寿司龟龟 甜虾龟龟 火腿猪 芝士软泥 猪罐 煤气灯
毛茸茸,140,30,绿海草 绿礁石 蓝礁石 三花猫 白猫 黑猫
毛茸茸,50,10,白狼
毛茸茸,40,10,野狼
毛茸茸,30,10,桃几
毛茸茸,0,0,水果笔记 蔬菜笔记 放大镜 怀表 烟斗 血迹 瓶中脑 紫珊瑚 红珊瑚 红砗磲 黄砗磲 绵羊海兔 粉红海兔 蓝海兔 海蛇 闪电海蛇 海螺 海星星 红海草 海参 火山海参 鲈鱼 小丑鱼 神仙鱼 红海葵 蓝海葵 蓝水母 紫水母 黄水母 水熊虫 海胆 帝王蟹 绿海绵 红海绵 皇冠海星 鱿鱼 章鱼 双色克林姆 煎铛噗灵 打卡机 黑狼 水精灵 火狐 木制宝箱怪 稀有宝箱怪 传奇宝箱怪 彩色墨水 警帽 温度探测器 禁止通行 绿色史莱姆 蓝色史莱姆 紫色史莱姆 红色史莱姆 花丛 小花球 大树怪 树桩猴 祭祀石 小石怪 石巨人 小土包 地缚灵 沼泽地 泥怪 草莓 梨几 苹狗 阿头 阿尾 克林姆 巧克林姆 茶克林姆 水果小糖 奶小糖 芒果滋 多拿滋 布丁呆 黑脸鱼子军舰 塔可桑 饭团 黑米团 泡菜团 夹心肉球 铛噗灵 玉子龟龟 寿司龟龟 甜虾龟龟 培根 火腿猪 芝士软泥 比撒 左半碗 右半碗 入口 红外线探测 围观陶 陶面人 编钟 兽面鼎 猪罐 左半瓷 右半瓷 碰碰瓷 警戒线 雨林快走龙 沙漠快走龙 恐龙化石 摄像头 高清摄像头 鸮卣 金鸮卣 鱼化石 乌龟化石 碧鱬 赤鱬 寒带一角龙 热带一角龙 安全出口 快陶鸭 情书 粉红帽 邮筒 报纸 礼帽 羽毛笔 邮票 信封 门牌 工地路障 煤气灯 窨井盖 警用路障 消防栓 烟灰缸 手铐 打火机 相片 报警器 证物手机 勒索信 蓝墨水 红墨水 豹纹手铐 行李车
毛茸茸,-20,5,沼泽树精
毛茸茸,-30,5,刺毛怪 火喷泉 小火山 小火球 熔岩猪
毛茸茸,-40,5,钢铁刺毛怪 火山巨蟹 火精灵 火焰巨人
绿色植物,83,36,大树怪
绿色植物,78,34,花丛
绿色植物,70,30,沼泽树精
绿色植物,69,30,小花球
绿色植物,45,18,树桩猴
绿色植物,40,17,草莓 梨几 桃几 苹狗
绿色植物,27,11,绿色史莱姆
绿色植物,16,8,水精灵
绿色植物,12,6,茶克林姆
绿色植物,4,2,比撒
绿色植物,0,0,红珊瑚 红砗磲 绵羊海兔 双色克林姆 煎铛噗灵 警帽 蓝色史莱姆 紫色史莱姆 红色史莱姆 地缚灵 小火球 火精灵 火焰巨人 阿头 阿尾 克林姆 巧克林姆 水果小糖 奶小糖 芒果滋 多拿滋 布丁呆 黑脸鱼子军舰 塔可桑 饭团 黑米团 泡菜团 夹心肉球 铛噗灵 玉子龟龟 寿司龟龟 甜虾龟龟 培根 火腿猪 芝士软泥 粉红帽 邮筒 礼帽
绿色植物,-11,22,石巨人
绿色植物,-30,15,海星星 彩色墨水 鸮卣 煤气灯
绿色植物,-34,13,闪电海蛇 编钟 左半瓷 右半瓷 雨林快走龙 安全出口 门牌
绿色植物,-35,10,小土包
绿色植物,-50,5,水果笔记 蔬菜笔记 放大镜 怀表 烟斗 血迹 瓶中脑 绿海草 绿礁石 蓝礁石 紫珊瑚 黄砗磲 粉红海兔 蓝海兔 海蛇 海螺 红海草 海参 火山海参 鲈鱼 小丑鱼 神仙鱼 红海葵 蓝海葵 蓝水母 紫水母 黄水母 水熊虫 海胆 帝王蟹 绿海绵 红海绵 皇冠海星 鱿鱼 章鱼 打卡机 黑狼 火狐 木制宝箱怪 稀有宝箱怪 传奇宝箱怪 温度探测器 禁止通行 野狼 白狼 祭祀石 小石怪 沼泽地 泥怪 刺毛怪 钢铁刺毛怪 火喷泉 小火山 熔岩猪 火山巨蟹 左半碗 右半碗 入口 红外线探测 围观陶 陶面人 兽面鼎 猪罐 碰碰瓷 警戒线 沙漠快走龙 恐龙化石 摄像头 高清摄像头 金鸮卣 鱼化石 乌龟化石 碧鱬 赤鱬 寒带一角龙 热带一角龙 快陶鸭 三花猫 白猫 黑猫 情书 报纸 羽毛笔 邮票 信封 工地路障 窨井盖 警用路障 消防栓 烟灰缸 手铐 打火机 相片 报警器 证物手机 勒索信 蓝墨水 红墨水 豹纹手铐 行李车
黑暗料理,125,27,血迹
黑暗料理,120,26,泥怪
黑暗料理,110,25,瓶中脑
黑暗料理,110,24,沼泽地
黑暗料理,85,20,地缚灵
黑暗料理,75,15,碧鱬 赤鱬
黑暗料理,55,11,恐龙化石 快陶鸭
黑暗料理,50,10,鱼化石 乌龟化石
黑暗料理,35,7,沼泽树精 雨林快走龙 沙漠快走龙
黑暗料理,30,6,寒带一角龙 热带一角龙
黑暗料理,25,5,小土包 围观陶 陶面人 编钟 碰碰瓷
黑暗料理,20,4,水精灵 石巨人 火喷泉 火精灵 火焰巨人 左半碗 右半碗 兽面鼎 猪罐 左半瓷 右半瓷 鸮卣 金鸮卣
黑暗料理,15,3,绿色史莱姆 蓝色史莱姆 紫色史莱姆 红色史莱姆
黑暗料理,10,2,红珊瑚 绵羊海兔 警帽 树桩猴 粉红帽 礼帽
黑暗料理,0,0,水果笔记 蔬菜笔记 放大镜 怀表 烟斗 绿海草 绿礁石 蓝礁石 紫珊瑚 红砗磲 黄砗磲 粉红海兔 蓝海兔 海蛇 闪电海蛇 海螺 海星星 红海草 海参 火山海参 鲈鱼 小丑鱼 神仙鱼 红海葵 蓝海葵 蓝水母 紫水母 黄水母 水熊虫 海胆 帝王蟹 绿海绵 红海绵 皇冠海星 鱿鱼 章鱼 打卡机 黑狼 火狐 木制宝箱怪 稀有宝箱怪 传奇宝箱怪 彩色墨水 温度探测器 禁止通行 花丛 小花球 大树怪 野狼 白狼 祭祀石 小石怪 刺毛怪 钢铁刺毛怪 小火山 小火球 熔岩猪 火山巨蟹 草莓 梨几 桃几 苹狗 入口 红外线探测 警戒线 摄像头 高清摄像头 安全出口 三花猫 白猫 黑猫 情书 邮筒 报纸 羽毛笔 邮票 信封 门牌 工地路障 煤气灯 窨井盖 警用路障 消防栓 烟灰缸 手铐 打火机 相片 报警器 证物手机 勒索信 蓝墨水 红墨水 豹纹手铐 行李车
黑暗料理,-55,19,芝士软泥
黑暗料理,-60,18,双色克林姆 克林姆 巧克林姆 茶克林姆
黑暗料理,-80,14,布丁呆 比撒
黑暗料理,-100,10,煎铛噗灵 阿头 阿尾 水果小糖 奶小糖 芒果滋 多拿滋 黑脸鱼子军舰 塔可桑 饭团 黑米团 泡菜团 夹心肉球 铛噗灵 玉子龟龟 寿司龟龟 甜虾龟龟 培根 火腿猪
五彩缤纷,180,36,彩色墨水
五彩缤纷,80,16,传奇宝箱怪
五彩缤纷,65,13,比撒
五彩缤纷,55,11,红海葵 相片
五彩缤纷,55,19,火狐
五彩缤纷,55,16,入口
五彩缤纷,50,18,蓝海兔 邮票
五彩缤纷,50,10,海星星 煤气灯
五彩缤纷,45,19,海蛇 信封
五彩缤纷,45,9,闪电海蛇 门牌
五彩缤纷,45,14,塔可桑
五彩缤纷,45,16,寿司龟龟
五彩缤纷,40,8,花丛 小花球 大树怪 沼泽树精 刺毛怪 小火山 熔岩猪 火山巨蟹 茶克林姆
五彩缤纷,40,13,布丁呆
五彩缤纷,40,10,培根 左半碗 右半碗 左半瓷 右半瓷
五彩缤纷,35,12,海参 火山海参 蓝海葵 水精灵 禁止通行 雨林快走龙 寒带一角龙 热带一角龙 安全出口 警用路障 消防栓 报警器
五彩缤纷,35,7,稀有宝箱怪 鱼化石
五彩缤纷,35,9,火精灵
五彩缤纷,30,8,蔬菜笔记 血迹 瓶中脑 黄水母 水熊虫 红海绵 鸮卣 蓝墨水 红墨水
五彩缤纷,30,6,紫珊瑚 木制宝箱怪 情书
五彩缤纷,30,14,绵羊海兔 警帽 礼帽
五彩缤纷,25,7,红砗磲 蓝水母 火腿猪 围观陶 编钟 碧鱬 赤鱬 邮筒 证物手机
五彩缤纷,25,13,火焰巨人 碰碰瓷
五彩缤纷,20,22,绿海草 三花猫
五彩缤纷,20,6,绿色史莱姆 蓝色史莱姆 红色史莱姆 火喷泉 小火球 草莓 苹狗
五彩缤纷,20,12,石巨人 警戒线
五彩缤纷,20,11,玉子龟龟 甜虾龟龟
五彩缤纷,15,3,放大镜 鲈鱼 帝王蟹 皇冠海星 克林姆 芒果滋 烟灰缸 行李车
五彩缤纷,15,13,黑脸鱼子军舰 乌龟化石
五彩缤纷,10,4,红珊瑚 树桩猴 地缚灵 粉红帽
五彩缤纷,5,6,怀表 烟斗 海螺 紫水母 海胆 鱿鱼 章鱼 阿头 阿尾 水果小糖 多拿滋 泡菜团 沙漠快走龙 工地路障 勒索信 豹纹手铐
五彩缤纷,5,17,双色克林姆
五彩缤纷,0,8,打卡机 钢铁刺毛怪 巧克林姆
五彩缤纷,-5,1,水果笔记 黄砗磲 神仙鱼 绿海绵 紫色史莱姆 小土包 沼泽地 泥怪 梨几 桃几 夹心肉球 芝士软泥 陶面人 兽面鼎 猪罐 金鸮卣 快陶鸭 报纸 打火机
五彩缤纷,-5,9,煎铛噗灵
五彩缤纷,-10,11,绿礁石 蓝礁石 奶小糖 恐龙化石 白猫 黑猫
五彩缤纷,-15,12,温度探测器 饭团 红外线探测 摄像头 高清摄像头
五彩缤纷,-20,6,野狼 祭祀石 小石怪 铛噗灵
五彩缤纷,-25,7,粉红海兔 红海草 白狼 羽毛笔 窨井盖
五彩缤纷,-30,9,小丑鱼 黑狼 黑米团 手铐
凉飕飕,100,20,蓝海兔 火山海参 黄水母 水熊虫 双色克林姆 水精灵 蓝色史莱姆 克林姆 巧克林姆 茶克林姆 左半碗 右半碗 鱼化石 乌龟化石 寒带一角龙 邮票 消防栓 蓝墨水 红墨水
凉飕飕,85,18,红珊瑚 绵羊海兔 碧鱬 粉红帽 礼帽
凉飕飕,70,16,瓶中脑 野狼 沼泽地 泥怪
凉飕飕,60,20,蔬菜笔记 红砗磲 海参 帝王蟹 红海绵 围观陶 邮筒 警用路障 行李车
凉飕飕,55,14,铛噗灵
凉飕飕,50,10,水果笔记 放大镜 怀表 紫珊瑚 黄砗磲 粉红海兔 海蛇 闪电海蛇 海螺 红海草 小丑鱼 红海葵 蓝海葵 蓝水母 紫水母 海胆 绿海绵 皇冠海星 鱿鱼 打卡机 木制宝箱怪 稀有宝箱怪 传奇宝箱怪 彩色墨水 禁止通行 小石怪 石巨人 入口 陶面人 编钟 左半瓷 右半瓷 碰碰瓷 警戒线 恐龙化石 鸮卣 金鸮卣 安全出口 情书 报纸 羽毛笔 信封 门牌 工地路障 窨井盖 手铐 相片 报警器 证物手机 勒索信 豹纹手铐
凉飕飕,45,18,警帽 猪罐 沙漠快走龙 赤鱬
凉飕飕,35,8,鲈鱼 温度探测器 绿色史莱姆 紫色史莱姆 花丛 小花球 大树怪 树桩猴 祭祀石 沼泽树精 刺毛怪 钢铁刺毛怪 草莓 梨几 桃几 苹狗 水果小糖 奶小糖 芒果滋 多拿滋 布丁呆 黑脸鱼子军舰 玉子龟龟 寿司龟龟 甜虾龟龟 红外线探测 兽面鼎 雨林快走龙 摄像头 高清摄像头 快陶鸭 烟灰缸
凉飕飕,30,16,海星星 培根 火腿猪 煤气灯
凉飕飕,20,6,血迹 绿海草 绿礁石 蓝礁石 黑狼 白狼 小土包 地缚灵 饭团 黑米团 泡菜团 三花猫 白猫 黑猫
凉飕飕,15,14,烟斗 神仙鱼 章鱼 煎铛噗灵 火狐 红色史莱姆 火喷泉 小火球 熔岩猪 火精灵 阿头 阿尾 夹心肉球 芝士软泥 比撒 热带一角龙 打火机
凉飕飕,5,4,小火山 火山巨蟹 塔可桑
凉飕飕,0,12,火焰巨人
可爱,130,26,塔可桑
可爱,95,19,白猫
可爱,90,18,绿礁石 红珊瑚 小花球 奶小糖 粉红帽
可爱,85,17,绿海草 小火球 水果小糖 三花猫
可爱,80,16,章鱼 绿色史莱姆 蓝色史莱姆 紫色史莱姆 红色史莱姆 草莓 梨几 桃几 苹狗
可爱,75,15,烟斗 蓝海兔 黄水母 鱿鱼 彩色墨水 信封 红墨水
可爱,70,14,怀表 紫珊瑚 海蛇 水熊虫 双色克林姆 克林姆 巧克林姆 茶克林姆 雨林快走龙 沙漠快走龙 鱼化石 乌龟化石 情书 邮票 蓝墨水
可爱,60,28,比撒
可爱,60,12,猪罐
可爱,40,8,花丛
可爱,35,7,黑猫 礼帽
可爱,30,6,蓝礁石 绵羊海兔 粉红海兔 水精灵 阿头 阿尾 芝士软泥 羽毛笔
可爱,30,7,多拿滋
可爱,25,5,碧鱬 赤鱬
可爱,20,4,瓶中脑 海星星 皇冠海星 金鸮卣 快陶鸭
可爱,20,8,芒果滋
可爱,15,3,蔬菜笔记 黄砗磲 海胆 红海绵 打卡机 沼泽树精 布丁呆 火腿猪 陶面人 煤气灯 证物手机
可爱,10,2,水果笔记 放大镜 血迹 蓝水母 绿海绵 树桩猴 小土包 地缚灵 沼泽地 泥怪 火喷泉 熔岩猪 火精灵 黑脸鱼子军舰 饭团 黑米团 泡菜团 夹心肉球 玉子龟龟 寿司龟龟 甜虾龟龟 培根 围观陶 编钟 兽面鼎 左半瓷 右半瓷 碰碰瓷 鸮卣 报纸 豹纹手铐
可爱,10,14,火狐
可爱,5,5,闪电海蛇
可爱,5,9,黑狼 野狼
可爱,5,13,警帽
可爱,5,1,左半碗 右半碗
可爱,0,8,神仙鱼 消防栓
可爱,0,4,大树怪 门牌
可爱,-5,7,火山海参 小丑鱼 火山巨蟹 恐龙化石 邮筒 打火机
可爱,-10,6,红砗磲 海螺 红海草 鲈鱼 温度探测器 祭祀石 小石怪 刺毛怪 小火山 工地路障 窨井盖 烟灰缸 手铐
可爱,-10,10,帝王蟹 传奇宝箱怪 行李车
可爱,-15,9,蓝海葵 煎铛噗灵 稀有宝箱怪 石巨人 铛噗灵 警戒线 热带一角龙 警用路障
可爱,-15,17,白狼
可爱,-20,8,海参 红海葵 木制宝箱怪 入口 寒带一角龙 安全出口 相片 报警器
可爱,-20,12,火焰巨人 勒索信
可爱,-25,11,紫水母
可爱,-30,10,禁止通行 红外线探测 摄像头
可爱,-30,14,钢铁刺毛怪
可爱,-40,16,高清摄像头
刚强,115,23,石巨人
刚强,105,21,祭祀石 小石怪
刚强,95,19,火焰巨人
刚强,85,17,海星星 钢铁刺毛怪 金鸮卣
刚强,80,16,帝王蟹 行李车
刚强,75,15,闪电海蛇 小丑鱼 皇冠海星 火山巨蟹 煤气灯
刚强,70,14,海胆 鱿鱼
刚强,65,13,鸮卣 门牌 手铐
刚强,60,12,怀表 瓶中脑 禁止通行 刺毛怪 小火山 编钟 兽面鼎 高清摄像头 消防栓 豹纹手铐
刚强,55,11,放大镜 神仙鱼 章鱼 传奇宝箱怪 火精灵
刚强,50,10,火山海参 小火球 警戒线
刚强,45,9,烟斗 打卡机 稀有宝箱怪 奶小糖 邮筒 打火机 证物手机
刚强,45,13,火喷泉
刚强,40,8,红海草 鲈鱼 蓝海葵 沼泽树精 塔可桑 比撒 恐龙化石 鱼化石 乌龟化石 热带一角龙 快陶鸭 窨井盖 警用路障 烟灰缸 勒索信
刚强,35,7,红砗磲 蓝海兔 蓝水母 木制宝箱怪 温度探测器 红色史莱姆 大树怪 树桩猴 熔岩猪 水果小糖 入口 红外线探测 摄像头 安全出口 信封
刚强,30,6,蔬菜笔记 黄砗磲 海螺 海参 紫水母 红海绵 煎铛噗灵 火狐 警帽 白狼 小土包 地缚灵 布丁呆 铛噗灵 火腿猪 陶面人 猪罐 左半瓷 雨林快走龙 沙漠快走龙 寒带一角龙 白猫 黑猫 礼帽 工地路障 报警器
刚强,30,15,黄水母 彩色墨水
刚强,25,10,血迹
刚强,25,5,海蛇 红海葵 邮票 相片
刚强,20,4,水果笔记 绿礁石 蓝礁石 紫珊瑚 红珊瑚 绵羊海兔 粉红海兔 绿海绵 黑狼 水精灵 花丛 小花球 野狼 苹狗 阿头 阿尾 芒果滋 多拿滋 黑脸鱼子军舰 饭团 黑米团 泡菜团 夹心肉球 玉子龟龟 寿司龟龟 甜虾龟龟 培根 左半碗 右半碗 围观陶 右半瓷 碰碰瓷 碧鱬 赤鱬 情书 粉红帽 报纸 羽毛笔
刚强,20,13,蓝墨水 红墨水
刚强,10,2,绿海草 绿色史莱姆 蓝色史莱姆 紫色史莱姆 草莓 梨几 桃几 三花猫
刚强,10,11,水熊虫
刚强,5,5,双色克林姆 沼泽地 泥怪 克林姆 巧克林姆 茶克林姆
刚强,0,5,芝士软泥
高热量美食,130,26,比撒
高热量美食,120,24,布丁呆 芝士软泥
高热量美食,110,22,煎铛噗灵 饭团 黑米团 泡菜团 夹心肉球 铛噗灵 玉子龟龟 寿司龟龟 甜虾龟龟 培根 火腿猪
高热量美食,100,20,双色克林姆 阿头 阿尾 克林姆 巧克林姆 茶克林姆 芒果滋 多拿滋 塔可桑
高热量美食,90,18,黑脸鱼子军舰
高热量美食,80,16,水果小糖 奶小糖
高热量美食,50,10,火山巨蟹
高热量美食,30,6,瓶中脑 绿海草 绿礁石 蓝礁石 黑狼 火狐 红色史莱姆 野狼 白狼 刺毛怪 钢铁刺毛怪 熔岩猪 火焰巨人 雨林快走龙 沙漠快走龙 寒带一角龙 热带一角龙 三花猫 白猫 黑猫
高热量美食,10,2,血迹 火精灵 恐龙化石
高热量美食,0,8,草莓 梨几 桃几 苹狗
高热量美食,-10,2,水果笔记 蔬菜笔记 放大镜 怀表 烟斗 紫珊瑚 红珊瑚 红砗磲 黄砗磲 绵羊海兔 粉红海兔 蓝海兔 海蛇 闪电海蛇 海螺 海星星 红海草 海参 火山海参 鲈鱼 小丑鱼 神仙鱼 红海葵 蓝海葵 蓝水母 紫水母 黄水母 水熊虫 海胆 帝王蟹 绿海绵 红海绵 皇冠海星 鱿鱼 章鱼 打卡机 水精灵 木制宝箱怪 稀有宝箱怪 传奇宝箱怪 彩色墨水 警帽 温度探测器 禁止通行 绿色史莱姆 蓝色史莱姆 紫色史莱姆 祭祀石 小石怪 石巨人 小土包 地缚灵 沼泽地 泥怪 火喷泉 小火山 小火球 左半碗 右半碗 入口 红外线探测 围观陶 陶面人 编钟 兽面鼎 猪罐 左半瓷 右半瓷 碰碰瓷 警戒线 摄像头 高清摄像头 鸮卣 金鸮卣 鱼化石 乌龟化石 碧鱬 赤鱬 安全出口 快陶鸭 情书 粉红帽 邮筒 报纸 礼帽 羽毛笔 邮票 信封 门牌 工地路障 煤气灯 窨井盖 警用路障 消防栓 烟灰缸 手铐 打火机 相片 报警器 证物手机 勒索信 蓝墨水 红墨水 豹纹手铐 行李车
高热量美食,-10,6,花丛 小花球
高热量美食,-30,6,大树怪 树桩猴 沼泽树精
博物馆,115,21,左半瓷 右半瓷
博物馆,110,21,左半碗 右半碗
博物馆,80,15,编钟 兽面鼎
博物馆,75,13,碰碰瓷 鱼化石 乌龟化石
博物馆,50,10,蔬菜笔记 红海绵
博物馆,50,9,瓶中脑 金鸮卣 快陶鸭
博物馆,45,9,水果笔记 绿海绵
博物馆,45,8,陶面人 猪罐 恐龙化石 热带一角龙
博物馆,40,7,血迹 围观陶 雨林快走龙 沙漠快走龙 鸮卣 碧鱬 赤鱬 寒带一角龙
博物馆,15,3,海星星 神仙鱼 帝王蟹 皇冠海星 章鱼 传奇宝箱怪 钢铁刺毛怪 火焰巨人 塔可桑 比撒 高清摄像头 消防栓 勒索信 行李车
博物馆,10,2,烟斗 黄砗磲 蓝海兔 闪电海蛇 火山海参 小丑鱼 蓝海葵 紫水母 黄水母 海胆 鱿鱼 煎铛噗灵 打卡机 火狐 稀有宝箱怪 彩色墨水 警帽 白狼 石巨人 沼泽树精 火山巨蟹 奶小糖 布丁呆 铛噗灵 火腿猪 警戒线 白猫 黑猫 邮筒 礼帽 信封 煤气灯 警用路障 打火机 证物手机 红墨水
博物馆,5,1,放大镜 怀表 绿礁石 蓝礁石 紫珊瑚 红珊瑚 红砗磲 绵羊海兔 粉红海兔 海蛇 海螺 红海草 海参 鲈鱼 红海葵 蓝水母 水熊虫 双色克林姆 黑狼 水精灵 木制宝箱怪 温度探测器 禁止通行 花丛 小花球 大树怪 树桩猴 野狼 祭祀石 小石怪 小土包 地缚灵 沼泽地 泥怪 刺毛怪 火喷泉 小火山 小火球 熔岩猪 火精灵 阿头 阿尾 克林姆 巧克林姆 茶克林姆 水果小糖 芒果滋 多拿滋 黑脸鱼子军舰 饭团 黑米团 泡菜团 夹心肉球 玉子龟龟 寿司龟龟 甜虾龟龟 培根 芝士软泥 入口 红外线探测 摄像头 安全出口 情书 粉红帽 报纸 羽毛笔 邮票 门牌 工地路障 窨井盖 烟灰缸 手铐 相片 报警器 蓝墨水 豹纹手铐
博物馆,0,1,绿海草 绿色史莱姆 蓝色史莱姆 紫色史莱姆 红色史莱姆 草莓 梨几 桃几 苹狗 三花猫