id,game,title,page,kind,source_id,source_title,source_url,source_date,file,origin,width,height,sha256,observation,limit
T01,塔塔冒险队,活动道具图标横条,资产,官方说明图,TS1,官方活动攻略,https://www.taptap.cn/moment/846445543147177753,2026-09-08,evidence/T01-event-entry.jpg,,1080,236,eb28d5e24dcaee0cc8e91baa152427d57900f16003dec7f669fd7a774067ed16,五枚图标使用粗深边、白外圈与青色偏移底。,不是主界面入口截图；文件名 entry 沿用采集名。
T02,塔塔冒险队,长跑活动角色局部,活动,官方局部,TS1,官方活动攻略,https://www.taptap.cn/moment/846445543147177753,2026-09-08,evidence/T02-event-running.jpg,,244,298,16aea367b7f373d0a0eda51e219a530798f954c0f26833e4ef04171613531f3e,角色组合保留夸张外形。,244×298 局部，不能证明完整活动 UI。
T03,塔塔冒险队,挖宝棋盘与组队卡,活动,玩家拼图,TS2,玩家挖宝攻略,https://www.taptap.cn/moment/846733139903513042,2026-09-09,evidence/T03-treasure-guide-1.jpg,,1080,1443,3a8573e219e5abd0185b61048156daae6ae05375eb02ef10b6c7c5ad119bc308,方格棋盘、四个组队卡与钥匙进度把玩法变成离散槽位。,紫底标题、白色段落及红箭头属于攻略排版。
T04,塔塔冒险队,挖宝进度与标旗状态,活动,玩家拼图,TS2,玩家挖宝攻略,https://www.taptap.cn/moment/846733139903513042,2026-09-09,evidence/T04-treasure-guide-2.jpg,,1080,1443,d873385c6d1753aaa19a339464cbf05a61a7c28d433acdc0a3ea2bcae65e14ce,同一棋盘从完整到缺块；标旗气泡依附目标格。,没有完整屏幕和弹窗切换过程。
T05,塔塔冒险队,塔塔持有列表,角色,玩家实机,TS3,玩家角色列表,https://www.taptap.cn/moment/852581458705908228,2026-09-25（图片地址日期）,evidence/T05-player-roster.jpg,,1080,2400,d339230432eab7ccfd5d6bb02d4a99473df1320c093159ec8b5d2745439606a0,四列卡片固定承载元素、类型、星数、等级和进度；底部筛选悬浮。,这是持有角色列表，不是全图鉴；点击行为未实测。
T06,塔塔冒险队,猫冰官方宣传卡,资产,官方海报,TS4,官方猫冰宣传卡,https://www.taptap.cn/moment/846353291242635810,2026-09-08,evidence/T06-character-poster.jpg,,1080,1443,2290d1c9eea6da3618e606f7f21a28742c95a5abe4bbedd5499f9279ca37139e,冰块身体、猫耳与巨大眼睛组合；粗深蓝边、硬色块。,“塔塔图鉴”是宣传标题，不是游戏图鉴页。
T07,塔塔冒险队,营地英文版,主场景,媒体实机,TS5,3DM 图文实机教程,https://shouyou.3dmgame.com/android/560350.html,2026-08-14；设置图内可见 2026-07-29 / global build,evidence/T07-home-en.jpg,,320,704,4fd7b3d0ce02ae9646c4df5f13fdc51453cd90cd95fb53819228b61f07ffbe8a,深森林包住浅色空地；底角按钮有独立高对比底座。,旧全球版本；右侧红圈为教程标注，不能作 UI。
T08,塔塔冒险队,个人与好友页,二级页面,媒体实机,TS5,3DM 图文实机教程,https://shouyou.3dmgame.com/android/560350.html,2026-08-14；设置图内可见 2026-07-29 / global build,evidence/T08-profile-en.jpg,,320,704,905c4b9c26b5040bb3e63c86d0e578f95097d3e7fad3a9bc87bb9dfc818ba644,头像区、编队槽、标签页、名单卡、邀请按钮分层。,低分辨率旧全球服样本，不外推现版本所有菜单。
T09,塔塔冒险队,设置弹窗,设置,媒体实机,TS5,3DM 图文实机教程,https://shouyou.3dmgame.com/android/560350.html,2026-08-14；设置图内可见 2026-07-29 / global build,evidence/T09-settings-en.jpg,,320,704,255d5a52a5a4cc8131ee3d4e209ad93bce7adc30c5009bee89ad867c0045e832,背景暗化与模糊，奶白面板、紫色行按钮、底部独立关闭。,缺少开关切换前后；局部模糊不能等同全场景柔光。
T10,塔塔冒险队,语言选择弹窗,弹窗,媒体实机,TS5,3DM 图文实机教程,https://shouyou.3dmgame.com/android/560350.html,2026-08-14；设置图内可见 2026-07-29 / global build,evidence/T10-language-popup.jpg,,320,704,f5cedef114ae780ed96e9e55fc8340cb31016ea5e55e594aeb98f6b589de8267,重复行按钮与固定关闭沿用设置弹窗语法。,底部列表裁切说明有延伸内容，滚动方式未实测。
T11,塔塔冒险队,营地中文状态,主界面,媒体实机,TS5,3DM 图文实机教程,https://shouyou.3dmgame.com/android/560350.html,2026-08-14；设置图内可见 2026-07-29 / global build,evidence/T11-home-cn.jpg,,320,704,4cb21d18062a6593a149e76c5f16e2175273d049007720e9216000d6bddc98b6,功能集中在林间亮区；底部战斗、塔塔、弹珠台明确。,同组全球服切换中文截图，并非独立国服证据。
T12,塔塔冒险队,章节路线页,二级页面,媒体实机,TS5,3DM 图文实机教程,https://shouyou.3dmgame.com/android/560350.html,2026-08-14；设置图内可见 2026-07-29 / global build,evidence/T12-battle-select.jpg,,320,704,b40072ea79cbb18de47edbcaa0beeafb5df6a1b65ff3d415716ab304a667b1d6,蛇形路径上的节点与编号；底部宽黄按钮标明开始战斗。,不能据此认定营地必须同样使用路线布局。
T13,塔塔冒险队,战斗进行中,主场景,媒体实机,TS5,3DM 图文实机教程,https://shouyou.3dmgame.com/android/560350.html,2026-08-14；设置图内可见 2026-07-29 / global build,evidence/T13-battle.jpg,,320,704,f2ace5cf1141744dc4474f590524e285b1c4f52f6f73542f748b0138d86416cc,森林被压成两侧边界，中间长条留给战斗单位与进度。,动态速度、点击热区与遮挡时长未实测。
T14,塔塔冒险队,胜利覆盖层,弹窗,媒体实机,TS5,3DM 图文实机教程,https://shouyou.3dmgame.com/android/560350.html,2026-08-14；设置图内可见 2026-07-29 / global build,evidence/T14-result.jpg,,320,704,722a72aedf2db7d232d9972cee81fc41eac0ca051e49fa40326074ae5fdf18f6,暗化场景、黄色胜利横幅、底部返回/继续构成三层。,不是居中卡片弹窗，证明同系统允许不同覆盖层。
T15,塔塔冒险队,共享等级成长面板,成长页,媒体局部,TS6,3DM 成长说明,https://shouyou.3dmgame.com/gl/635361.html,2026-09-07,evidence/T15-candy.jpg,,447,520,1ad8a617c1fccf34fd0266e20d7fb29388b0c7ee7a5a889981bc271f71a0208d,巨大等级数、单进度条、三个强化块；橙黄与白分上下语义区。,是成长局部，不是完整糖果机操作页。
T16,塔塔冒险队,增益徽章网格局部,成长页,媒体局部,TS6,3DM 成长说明,https://shouyou.3dmgame.com/gl/635361.html,2026-09-07,evidence/T16-growth.jpg,,500,570,70e5b9d28b17662a338934afa03b06413134017f7974fdb2fa9388242a5de860,三列徽章每格包含角色轮廓与固定黑色增益牌。,旧采集名 growth；不能证明角色详情或升星确认界面。
M01,妙奇星球,打工总览与生产卡,主界面,旧档实机,MS1,旧研究登记的玩家帖（本轮未成功重开）,https://www.taptap.cn/moment/101063887486452480,旧研究采集 2026-09-15；截图游戏版本未明,evidence/M01-archive.jpg,docs\archive\mqxq-research\screenshots\01-打工-店铺排班与产出计时.jpg,720,1520,dee986d4ea4bc948c393bf678caead46c9cbc40e3273ef8af7cd083e83fc4061,建筑上方主题装饰巨大；下方店铺卡重复组织角色、计时、产物与加班。,上方两个建筑变暗的具体原因未知，不能直接判定未解锁。
M02,妙奇星球,角色房间、技能与角色册,角色,旧档实机,MS1,旧研究登记的玩家帖（本轮未成功重开）,https://www.taptap.cn/moment/101063887486452480,旧研究采集 2026-09-15；截图游戏版本未明,evidence/M02-archive.jpg,docs\archive\mqxq-research\screenshots\02-打工排班与情缘激活-道具店.jpg,1080,2340,49678a56b0f2f169750e052b6ad04623606edb553b6d291d0a6f41e95ccae23d,角色在左，装备陈列在上，相框在中，下部是角色网格与技能夹板。,旧文件名“打工排班”不准确；画面支持角色页，不支持排班交互结论。
M03,妙奇星球,角色房间另一选中状态,角色,旧档实机,MS1,旧研究登记的玩家帖（本轮未成功重开）,https://www.taptap.cn/moment/101063887486452480,旧研究采集 2026-09-15；截图游戏版本未明,evidence/M03-archive.jpg,docs\archive\mqxq-research\screenshots\03-打工排班与情缘激活-换人对比.jpg,1080,2340,47135fbba847b073da241bc3e5f8223b1d35f9c875a04b6f9b2d222b9decbc1e,同一布局容纳不同角色，卡片的位置与数值字段复用。,旧文件名“情缘激活”不能证明状态变化的触发原因。
M04,妙奇星球,角色列表筛选面板,二级页面,旧档实机,MS1,旧研究登记的玩家帖（本轮未成功重开）,https://www.taptap.cn/moment/101063887486452480,旧研究采集 2026-09-15；截图游戏版本未明,evidence/M04-archive.jpg,docs\archive\mqxq-research\screenshots\04-打工排班-战斗力与等级面板.jpg,1080,2340,37d22a8e74e27f0d508f5d92faa9183eceddf152dc6693de024c9e781dd09283,筛选浮层用两排元素/类型图标；角色房间与列表仍可见。,旧文件名“战斗力与等级面板”不完整，应识别为筛选状态。
M05,妙奇星球,委托纸板弹窗,任务,旧档实机,MS1,旧研究登记的玩家帖（本轮未成功重开）,https://www.taptap.cn/moment/101063887486452480,旧研究采集 2026-09-15；截图游戏版本未明,evidence/M05-archive.jpg,docs\archive\mqxq-research\screenshots\05-委托订单界面.jpg,1536,1865,b09d5d144b49a48607e2e98220088f094cdd9a519d2357a3e7461bed2f3618bb,三列委托便签、下方当前详情与提交；任务/委托用垂下标签切换。,这里只看到委托标签选中；任务页内容缺证。
M06,妙奇星球,观光团布展选择,二级页面,旧档实机,MS1,旧研究登记的玩家帖（本轮未成功重开）,https://www.taptap.cn/moment/101063887486452480,旧研究采集 2026-09-15；截图游戏版本未明,evidence/M06-archive.jpg,docs\archive\mqxq-research\screenshots\06-观光团布展界面-刚强主题.jpg,1080,1889,5bf69fa5d054899842910f4bdd7d50ef5d1acd49cd36975a66143cef6667297f,五个加号槽悬在展示区；下方书册格子选宠物；返回与出发分两端。,橙色手绘圈属于攻略标注；不是限时活动主页证据。
M07,妙奇星球,周常商店,商店,旧档实机,MS1,旧研究登记的玩家帖（本轮未成功重开）,https://www.taptap.cn/moment/101063887486452480,旧研究采集 2026-09-15；截图游戏版本未明,evidence/M07-archive.jpg,docs\archive\mqxq-research\screenshots\07-周常商店-每周一刷新.jpg,1080,2099,90b1d2fe3a51553ae4ba6c88e70a43c21ea43ef6f2ee609840ebd0a658d2ab3d,不同体积道具共享货架槽与价格牌，刷新规则写在横向招牌上。,购买确认、售罄、货币不足的完整状态缺证。
M08,妙奇星球,挑战教学图,二级页面,旧档实机,MS1,旧研究登记的玩家帖（本轮未成功重开）,https://www.taptap.cn/moment/101063887486452480,旧研究采集 2026-09-15；截图游戏版本未明,evidence/M08-archive.jpg,docs\archive\mqxq-research\screenshots\08-战斗教学-元素克制与站位.jpg,856,1071,1c9cc490147ced83bc096e6f048ef69106a189613dcf982c2bca365a4c5948b0,图标和关系箭头承担规则说明。,属于说明画面；不是战斗实机，完整帮助关闭结构缺证。
M09,妙奇星球,神话星全景宣传,主场景,旧档官方宣传,MS2,旧研究登记的官方商店组,https://www.taptap.cn/app/162127,旧研究采集 2026-09-15；逐图 CDN 未留存,evidence/M09-archive.jpg,docs\archive\mqxq-research\screenshots\09-官方-神话星区域全景.jpg,1080,1920,1d11141a589fdd1e62546c81161fed9a4dba7532a688820a414f46e98fe837df,小星球承载密集地标，不遵守真实建筑比例。,官方宣传包装遮住部分 HUD，不能量测完整主界面。
M10,妙奇星球,神话星奖池宣传,活动,旧档官方宣传,MS2,旧研究登记的官方商店组,https://www.taptap.cn/app/162127,旧研究采集 2026-09-15；逐图 CDN 未留存,evidence/M10-archive.jpg,docs\archive\mqxq-research\screenshots\10-官方-神话星奖池抽卡.jpg,1080,1920,a8f65d7fab82bd0142addf860a1a1fc91e7ba6a176e0c000ec37f505a7d3c39b,舞台与角色展示占中央。,常驻奖池宣传不是限时活动完整截图。
M11,妙奇星球,探索区域选择宣传,二级页面,旧档官方宣传,MS2,旧研究登记的官方商店组,https://www.taptap.cn/app/162127,旧研究采集 2026-09-15；逐图 CDN 未留存,evidence/M11-archive.jpg,docs\archive\mqxq-research\screenshots\11-官方-探索区域选择地图.jpg,1080,1920,8b16e317a6846b1672f0596ae17144de53bb5523a17aff1110ddc2612f17f988,单色地图轮廓、节点与页签压缩地理信息。,营销框与前景角色不属于可证实的运行 UI。
M12,妙奇星球,家园装饰宣传,主场景,旧档官方宣传,MS2,旧研究登记的官方商店组,https://www.taptap.cn/app/162127,旧研究采集 2026-09-15；逐图 CDN 未留存,evidence/M12-archive.jpg,docs\archive\mqxq-research\screenshots\12-官方-家园装饰.jpg,1080,1920,b0bffa3f6978c48e72df4f0454c718445a1546dfaa6d2b29a7cb81d000523e5f,斜俯视房间保留成套家具与重复装饰。,是完整空间反例；装修用途不能直接替代经营主界面。
M13,妙奇星球,幽灵主题群像宣传（纠错）,资产,旧档官方宣传,MS2,旧研究登记的官方商店组,https://www.taptap.cn/app/162127,旧研究采集 2026-09-15；逐图 CDN 未留存,evidence/M13-archive.jpg,docs\archive\mqxq-research\screenshots\13-官方-图鉴收集网格.jpg,1080,1920,8b5c15dcd930ea0fed2d70463d4b8f2f90dc38c665ba88001efa1be0c856c916,群像与外框讲主题，未见可确认收藏格。,旧名“图鉴收集网格”错误，不能计入图鉴覆盖。
M14,妙奇星球,章节挑战宣传,二级页面,旧档官方宣传,MS2,旧研究登记的官方商店组,https://www.taptap.cn/app/162127,旧研究采集 2026-09-15；逐图 CDN 未留存,evidence/M14-archive.jpg,docs\archive\mqxq-research\screenshots\14-官方-章节挑战与战力.jpg,1080,1920,59ebc8bdef4eabd9f38822b12f65a62d820b0a042ca2aa9ef4f31a04158b01c7,战斗信息被放进挂页状面板。,面板被营销前景遮挡，CTA 不完整。
M15,妙奇星球,星际探险全景宣传,主场景,旧档官方宣传,MS2,旧研究登记的官方商店组,https://www.taptap.cn/app/162127,旧研究采集 2026-09-15；逐图 CDN 未留存,evidence/M15-archive.jpg,docs\archive\mqxq-research\screenshots\15-官方-星际探险区域.jpg,1080,1920,00eecd20a9ee04ed8336df11fc19e47a272b1db292f77faff934bbf698fd5f31,小星球地标向观者展开，建筑不按远近缩到不可读。,仅支持画风和大构图，不能证明当前首页入口集合。
M16,妙奇星球,幽灵主题主视觉,资产,旧档官方宣传,MS2,旧研究登记的官方商店组,https://www.taptap.cn/app/162127,旧研究采集 2026-09-15；逐图 CDN 未留存,evidence/M16-archive.jpg,docs\archive\mqxq-research\screenshots\16-官方-宣传主视觉.jpg,1080,1920,22bf36bc7fa8412220812f798ab672b6215cd90e45ece60b7211c848e1e40b6a,群像、强光与氛围表现服务宣传。,不提取主页面光照规范，不用于证明 UI 系统。
M17,妙奇星球,稀有度色框说明,资产,媒体局部,MS3,游民星空角色指南,https://wap.gamersky.com/news/Content-1357180.html,2021-01-22,evidence/M17-guide.jpg,,550,182,ff206351457188bf01a11867221042fd54af3fa3fca5167b8db6747c2939fe70,五种色框共用头像符号。,说明图不代表整个收藏页。
M18,妙奇星球,五类角色头像例,资产,媒体局部,MS3,游民星空角色指南,https://wap.gamersky.com/news/Content-1357180.html,2021-01-22,evidence/M18-guide.jpg,,550,105,0735d76ffd63a285191468430cbc80a4c2545a3c993a141187220b8be9270e28,同尺寸头像槽容纳不同头型与帽子。,水平截取，仅看卡框/轮廓。
M19,妙奇星球,不夜城抽取舞台,二级页面,媒体实机,MS3,游民星空角色指南,https://wap.gamersky.com/news/Content-1357180.html,2021-01-22,evidence/M19-guide.jpg,,383,581,c19d387b09e32e773b3274c378a09a15c935d6cf69389fa1c2c7b7bb280a99f2,上部舞台呈现角色，下部双购买槽明确单次/多次成本。,局部图，HUD 未完整；文案数值为旧版。
M20,妙奇星球,奖池内容收集网格,图鉴 / 收藏,媒体实机,MS3,游民星空角色指南,https://wap.gamersky.com/news/Content-1357180.html,2021-01-22,evidence/M20-guide.jpg,,344,571,74baae3cf4256b281a6cf70de89e4dd5eded216eb9c981cae1ea1a5168df9b81,四列卡片保留未拥有剪影；“已有”角标和日常/活动切换可见。,是奖池内容列表，不等于总图鉴；当前全图鉴仍缺。
M21,妙奇星球,兑换不足弹窗,弹窗,媒体实机,MS3,游民星空角色指南,https://wap.gamersky.com/news/Content-1357180.html,2021-01-22,evidence/M21-guide.jpg,,360,582,161579ec127bc39995a82bd63bbb6266e8d35f1ec5e43a0776af9fce1b9e71c0,兑换所需数值突出，底部灰色按钮明确不足状态。,旧版静态图，触发路径来自文章说明。
M22,妙奇星球,角色成长预览面板,成长页,媒体局部,MS3,游民星空角色指南,https://wap.gamersky.com/news/Content-1357180.html,2021-01-22,evidence/M22-guide.jpg,,428,483,249320a9a1c666f5e254bd464d06d1404a451d5c35d19c4894890f3f22bb95fb,左头像右属性，底部技能纸条，左右箭头与两档预览。,抠出的面板，升级按钮与背景关系不可见。
M23,妙奇星球,角色装备与升级弹窗,成长页,媒体局部,MS3,游民星空角色指南,https://wap.gamersky.com/news/Content-1357180.html,2021-01-22,evidence/M23-guide.jpg,,550,525,a35e9d32191509d7d977da11e0cfe1baa9e23ac9627c49b6c71375a46364e18a,房间装备入口对应编号 Tab、材料槽与蓝色升级按钮。,媒体左右拼图；不能测量其全屏占比。
M24,妙奇星球,角色皮肤相框入口,角色,媒体实机,MS3,游民星空角色指南,https://wap.gamersky.com/news/Content-1357180.html,2021-01-22,evidence/M24-guide.jpg,,550,723,4dc6810c8d0705c09356033126e2220912cdadf71da5c8f207f444215e37c8cd,三个相框是固定槽；未获得用剪影，顶上感叹号提示。,红色矩形是文章标注，不是游戏组件。
M25,妙奇星球,皮肤挑战二级弹窗,弹窗,媒体实机,MS3,游民星空角色指南,https://wap.gamersky.com/news/Content-1357180.html,2021-01-22,evidence/M25-guide.jpg,,550,684,5eae6708ec5fc6b8b5bfd2757016c9a0b453f700a5cac6162457890fbff6d187,左剪影与加成，右故事纸页，下方材料数量与挑战按钮。,旧版截图；不确认当前挑战机制与按钮点击结果。
J01,鸡宝厨房,生意：营业中,主界面,项目浏览器留档,JS,项目浏览器截图留档,,2026-09-24—25 系列；不是本轮真机采集,evidence/J01.png,artifacts/golden-business-r3/active-390x844.png,390,844,c9c8f81738254e53595bdcc6c80c70c0a0bfae463fa5852bff9ac9914dc1733d,三个篮子形成 2+1 排列，柜台线把商品与管理区分开。,本轮用户认可页面族；具体截图不是本轮重新确认的版本。
J02,鸡宝厨房,生意：待开张空态,主界面,项目浏览器留档,JS,项目浏览器截图留档,,2026-09-24—25 系列；不是本轮真机采集,evidence/J02.png,artifacts/golden-business-r3/prepare-empty.png,390,780,da32c83118269a61b92226b11054eec6f01c43e21496dd6810f1112ebe328754,空篮仍占视觉中心，空位与加号显示下一步。,静态留档；按钮可用性不在本轮验证范围。
J03,鸡宝厨房,生意：当前账单,弹窗,项目浏览器留档,JS,项目浏览器截图留档,,2026-09-24—25 系列；不是本轮真机采集,evidence/J03.png,artifacts/golden-business-r3/current-bill.png,390,780,8e34994267af9fb9468f5a73b541ac320823a87226287238cc39dfd86353d691,数字分栏、进度提示和逐项明细放入浅纸色面板。,比主页面更偏通用信息表单；不能把主页面成功等同所有弹窗成熟。
J04,鸡宝厨房,寻访：世界地图,主场景,项目浏览器留档,JS,项目浏览器截图留档,,2026-09-24—25 系列；不是本轮真机采集,evidence/J04.png,artifacts/journey-precision/final/map-390.png,390,844,47ea2ff944b4bccc8dec54d6d58cb667357b9ac96c67080c8ff93100fe19e5a0,地标与文字牌绑定；单条虚线贯穿地图；底部行程卡单独承载状态。,有连续环境；不支持“所有场景必须切断空间”的结论。
J05,鸡宝厨房,寻访：地区页,二级页面,项目浏览器留档,JS,项目浏览器截图留档,,2026-09-24—25 系列；不是本轮真机采集,evidence/J05.png,artifacts/journey-precision/final/region-390.png,390,844,d19ad6d424d87699a32a8d504133389b262d0604d79094a0acd4df6fa66ac5ab,地点二列、行为三列、同行三列与准备出发按区分层。,UI 行为命名可读，真实触控与动态变化未本轮实测。
J06,鸡宝厨房,寻访：归来,二级页面,项目浏览器留档,JS,项目浏览器截图留档,,2026-09-24—25 系列；不是本轮真机采集,evidence/J06.png,artifacts/journey-precision/final/return-390.png,390,844,e8ceddbf7d1d2319506f8da26052d589c6cce56ea46363ab0a24967956fa24c6,角色一排、大信封发现物、少量收益、上下主次操作。,不是普通奖励列表，每次发现物变化范围仍需历史资料。
J07,鸡宝厨房,图鉴：收藏册,图鉴 / 收藏,项目浏览器留档,JS,项目浏览器截图留档,,2026-09-24—25 系列；不是本轮真机采集,evidence/J07.png,artifacts/golden-collection-detail-fix/browser-390x844.png,390,844,9cb7fcb52556abee1c4d342ba8382c05ef5d8768a722ce4cbe38c936a06208f6,二列三行贴纸网格；问号空位、进度、印章和分页同时存在。,此页是收藏标签；品种标签完整结构不由此推断。
J08,鸡宝厨房,图鉴：全未知,图鉴 / 收藏,项目浏览器留档,JS,项目浏览器截图留档,,2026-09-24—25 系列；不是本轮真机采集,evidence/J08.png,artifacts/golden-collection-detail-fix/empty-390.png,390,780,6cc204937272516fb75dc693fab56b64f3a68e67d22d7f038a37878e6a8bd42e,六个未知格保持册页布局，印章降低强调。,无法从静态图判断点击未知格的反馈。
J09,鸡宝厨房,图鉴：双印章状态,图鉴 / 收藏,项目浏览器留档,JS,项目浏览器截图留档,,2026-09-24—25 系列；不是本轮真机采集,evidence/J09.png,artifacts/golden-collection-detail-fix/stamps-completed.png,390,780,1e8a6c803813fe265985bb0b98c2521e844dbf66bf0799ac7d8553f29d8e29fe,收录与实践使用同族但不同图标的绿色印章。,4/6 与双印章共同出现的业务语义需另查；这里仅比视觉状态。
J10,鸡宝厨房,生意：订单,任务,项目浏览器留档,JS,项目浏览器截图留档,,2026-09-24—25 系列；不是本轮真机采集,evidence/J10.png,artifacts/business-family/orders-regulars/orders-active-390.png,390,844,84e13bb5e9df96e6c615ef09f00b8857ddb55370b88cb529ad8ea2a988fe41a8,夹板形成内容边界，交付按钮靠近当前订单。,页面族二级页为辅助证据，不扩大用户审美认可范围。
J11,鸡宝厨房,生意：项目,成长页,项目浏览器留档,JS,项目浏览器截图留档,,2026-09-24—25 系列；不是本轮真机采集,evidence/J11.png,artifacts/business-family/projects/projects-list-390.png,390,844,e8179dc672c9cbd9a9e382f631176b74d2baccf61d8e2f58b792f758dee69bd2,招牌册对象居中，阶段数和继续筹备沿竖轴排列。,长页在视口下方延伸，不是所有内容一屏显示。
