游戏,页面,主视觉对象,主CTA,次级入口,UI与场景关系,画风,关键设计点,证据与边界
塔塔冒险队,主场景：营地,房车、帐篷、营火、设备及林间空地,没有单一居中主按钮,边缘战斗、塔塔、弹珠台等,连续森林包围功能聚落，屏幕级入口独立浮于边缘,深绿轮廓块、浅绿地面、局部亮色对象,环境可完整，但功能对象集中于可读空地,T07/T11 实机，旧全球版本
塔塔冒险队,主界面：营地 HUD,同上；左上阶段提示,战斗/塔塔/弹珠台并列，当前主目标由提示加强,建造图标、个人入口等,分散锚定屏幕四角，非五等分底栏,黑粗边按钮、紫底、白字,不能为了套统一 grid 虚构一条完整底栏,T11 实机；入口行为未实测
塔塔冒险队,商店,未取得完整图,待补,待补,待补,待补,不以媒体文案或营地建筑补造商品页,缺证
塔塔冒险队,角色：持有列表,四列角色卡,选角色；未见单个升级主按钮,底部类别与筛选,整页面板取代环境；卡片是固定数据容器,紫底、高饱和卡面、深粗边、星级符号,头型多变，信息字段位置稳定,T05 实机；不是完整角色详情
塔塔冒险队,图鉴 / 收藏,未取得真实全图鉴,待补,待补,待补,官方宣传卡不能作 UI 证据,T06 虽写“图鉴”仍是海报；T05 仅能支持角色库存列表,缺证，T05 为旁证
塔塔冒险队,任务,主场景阶段目标提示,可见提示，不确认点击动作,待补,红色阶段条浮于森林左上,高对比警示式色块,有目标提示≠已取得任务列表,T11 局部；完整任务页缺证
塔塔冒险队,活动：营地寻宝,棋盘、四名组队对象、钥匙进度,点格挖掘；未组队槽显示去组队,标旗气泡、关卡奖励,离散格与气泡绑定对象，背景让位于棋盘,蓝格、深紫面板、亮绿加号、黑边,消耗、进度、组队各有重复槽，状态不用依赖环境叙事,T03/T04 玩家攻略拼图，完整活动首页缺证
塔塔冒险队,弹窗 / 覆盖层,语言列表或胜利横幅,语言选择 / 继续,关闭 / 返回章节,设置类居中面板；胜利类横幅覆盖，均暗化底层,奶白面板、紫行按钮；胜利用黄/绿,同一系统允许多种容器，层级与关闭语法仍可一致,T10/T14 实机；动态转场缺证
塔塔冒险队,设置,三个开关、纵向功能行,单项开关或设置行,底部独立 X,个人页上方遮罩弹窗,紫标题、奶白底、荧绿开关、图标加文字,表单行复用相同宽度；环境不进入设置内容区,T09 实机；开关前后缺证
塔塔冒险队,成长页,共享等级、进度与强化节点；增益徽章网格,T15 有强化表达，是否可点击不确定,待补,数值/效果被拆成大数字、进度、三列块,橙黄爆发块、白底、粗黑边、彩色属性标志,等级读数被夸大；不能称为完整角色升星页,T15/T16 局部；操作链缺证
塔塔冒险队,二级页面,章节路线 / 好友名单,开始战斗 / 添加好友,世界地图 / 标签 / 关闭,地图是路线选择器；好友页是卡片列表,同族边框与按钮，背景随任务切换,无须把所有二级页面都做成营地房间,T12/T08 实机
妙奇星球,主场景：星球 / 城镇,曲面星球地标；打工街建筑,完整主场景 CTA 未证实,M05 暗化底层可见底部功能入口,世界地标与入口共存；建筑比例按辨识组织,几何色块、短角色、主题轮廓；不同星球色系不同,巨大道具造型可成为建筑招牌，不求生活比例,M09/M15 宣传 + M01 上半部实机；纯净主场景缺证
妙奇星球,主界面：打工总览,上部街景 + 下部重复生产卡,各卡加班；无单一全页 CTA,返回、资源加号,同屏容纳概览地图与功能卡；小店内景是卡片窗口,背景块面、角色深轮廓、金属边框,一个建筑能对应一张信息卡，空间连续性被主动打断,M01 实机；不是全游戏登录首页
妙奇星球,商店：周常,多层道具货架,商品/价格槽（点击购买为推断）,返回、刷新提示,货架直接承担商品列表,暗货架、亮价格牌、少量霓虹；道具体积弱,单件道具大小由可读性决定；分层横牌代替冗长说明,M07 实机；确认和售罄缺证
妙奇星球,角色：房间 + 角色册,左角色、上装备、中相框、下卡片,选角色 / 点装备或相框,技能/故事、筛选、返回,房间是固定展架；书册是选择器,背景平面、角色短比例；粗细轮廓按层变化,对象身份改变，槽位仍稳定；非完整可居住房间,M02/M03/M04，M23/M24 交叉支持
妙奇星球,图鉴 / 收藏,奖池四列内容卡、未知剪影,查看条目（推断）,日常/活动、收集度,紫面板覆盖抽取场景,色框 + 青色姓名条 + 已有角标,未获得对象保留槽位和轮廓；总量可见,M20 实机；仅奖池内容，独立总图鉴缺证；M13 排除
妙奇星球,任务：委托,便签网格与选中详情,提交,任务/委托、删除订单,纸板浮于暗化主场景,奶黄纸、胶带、统一字色、蓝绿按钮,任务对象与提交材料分区；页签贴在容器边缘,M05 实机；任务标签未打开
妙奇星球,活动,宣传中的主题奖池；M20 活动标签,未取得完整当期活动 CTA,活动标签可见,待补,只能确认主题表现存在,常驻奖池与观光团不得算作已覆盖限时活动页,M10 宣传、M20 标签；完整活动缺证
妙奇星球,弹窗,兑换不足 / 皮肤挑战,不足状态 / 挑战,编号 Tab；局部箭头,暗化底层，信息板分图片区和纸页说明,紫框、纸页、夹子、蓝按钮,同一信息板语法容纳条件、状态、故事与成本,M21/M25 实机
妙奇星球,设置,未取得打开后画面,待补,M05 背景左侧有设置入口,只确认入口存在,内容待补,不拿其他游戏的设置面板补齐,缺证；M05 为入口旁证
妙奇星球,成长页,左头像右属性 / 装备与材料,升级；或预览下一档/满级,编号装备页签,从角色房间局部物件进入数值面板,固定紫底条、青色数值、纸页、蓝 CTA,建筑化场景负责入口，精确数值交给面板,M22 局部、M23 拼图；完整成长状态对缺证
妙奇星球,二级页面,观光团五个展位 / 探索区域图,出发 / 选择区域,返回、条件提示,展位场景+下方册页；地图另用节点,共用卡框、元素六边形、返回按钮,五个展示位不按真实展厅对称；位置服务操作槽,M06 实机、M11 宣传；后者完整交互缺证
鸡宝厨房：用相同字段检查成功页面及其延伸,主场景：寻访地图,四个地区地标、同行角色、路线,看看同行（在途样本）,地区发现、旧路线、帮助,地图覆盖大部内容，底部行程卡覆盖其上,绿/奶油底、棕轮廓、弱俯视、柔和块面,连续河道可以保留；四个地标与牌子构成选择节点,J04；没有运行时测量
鸡宝厨房：用相同字段检查成功页面及其延伸,主界面：生意,三个篮子中的鸡鸭、营业牌,查看账单；空态为准备开张/摆上出品,菜单、订单、常客、项目、帮助,商品区与管理区由柜台线切分；背景不构成房间,大轮廓、奶油底、棕边、少量绿/橙,2+1 商品排列、表情与库存绑定；空态保留篮子,J01/J02
鸡宝厨房：用相同字段检查成功页面及其延伸,商店 / 商品组织,生意商品篮与名称数量牌,本样本是经营库存，非购买,菜单,篮子替代列表容器,编织符号化、弱阴影、无完整材质纹理,可迁移“对象+承托+标签”；不可称已覆盖独立商城,J01；独立商店未纳入成功页范围
鸡宝厨房：用相同字段检查成功页面及其延伸,角色,生意篮中角色 / 寻访同行 / 收藏贴纸,依页面任务而定,相关入口见各页,同角色在容器中扮演不同功能,表情、橙色嘴脚、深棕轮廓共用；部分旧素材边缘较硬,不要求每个场景重画角色；以承托和尺度建立归属,J01/J05/J07；独立角色详情未取证
鸡宝厨房：用相同字段检查成功页面及其延伸,图鉴 / 收藏,二列三行贴纸册,浏览条目、翻页；无单一确认动作,品种/收藏、搜索、置顶、纪念物,纸页就是主场景；没有地理空间,白边贴纸、奶黄纸、浅绿外底、绿色印章,物件化不是摆一个房间，而是让册页组织信息,J07/J08/J09
鸡宝厨房：用相同字段检查成功页面及其延伸,任务：生意订单,订单夹板、需要的出品,交付,预留、取消、营业/常客/项目,内容放入大夹板，当前任务独立成组,与主页面同色族、图标，线条密度较低,交付贴近任务；新询问空态不填满无关装饰,J10；辅助样本不等同用户确认
鸡宝厨房：用相同字段检查成功页面及其延伸,活动,不在本轮三组成功页面覆盖内,未取证,未取证,未取证,未取证,不用外部活动结构推导本项目需要运营活动页,范围外
鸡宝厨房：用相同字段检查成功页面及其延伸,弹窗：账单,销量、收入、等待状态、库存明细,关闭 / 下方操作未完整可见,无其他主导航操作,背景压暗，信息表单覆盖原场景,奶油面板、细分隔、绿色状态框,信息可读，但与篮子主页面相比物件语义较弱,J03；底部内容被视口裁切
鸡宝厨房：用相同字段检查成功页面及其延伸,设置,不在三组成功页面覆盖内,未取证,页内帮助不等于设置,未取证,未取证,本轮不把设置改造列为新任务,范围外
鸡宝厨房：用相同字段检查成功页面及其延伸,成长页：生意项目,招牌册、阶段进度,继续筹备,其他项目、系统内 Tab,夹板与册子叠加，阶段沿竖向阅读,棕轮廓、奶黄纸、木色按钮,用项目物件做身份，用进度与 CTA 做操作,J11；辅助样本
鸡宝厨房：用相同字段检查成功页面及其延伸,二级页面：寻访地区 / 归来,地点、行为道具、同行 / 新发现信封,准备出发 / 收好发现,查看地区发现、整理、返回,地区页按功能行排列；归来页以单物件聚焦,同棕边与绿色按钮，局部纸质/木质可不同,同一主题容许“地图—功能行—奖励展示”三种结构,J05/J06
