"工作ID","稳定身份","名称","旧工作名","地区","鸡鸭","配方","厨具","厨房","材料","菜单","主题/地区收藏","发现卡","采购","常客","项目","食用","G","F","环境","特征"
"V-C1","0:128","荠菜煎饼鸡","荠菜煎饼鸡","V","鸡","REC-V-C1","1:Lv.1","1","75","MN1;MN2;MN3;MN4;MN6;MN7","COL-1;COL-2;COL-3;COL-4;COL-6;COL-7;COL-8;COL-V","V-S1;V-E1","O01;O02;O03;O04;O05;O06;O08;O09;O11;O12","RG1;RG2;RG3;RG4","PJ-1;PJ-2;PJ-4","是","15","4","yard","leaf;portable"
"V-C2","0:129","麦芽叠脆鸡","麦芽脆片鸡","V","鸡","REC-V-C2","4:Lv.1","2","76;9","MN2;MN4;MN5","COL-2;COL-4;COL-5;COL-8;COL-V","V-S2;V-E2","O02;O06;O07;O08;O12","RG1;RG2;RG3;RG4","PJ-1;PJ-2;PJ-3;PJ-4","是","20","4","yard","grain;portable"
"V-C3","0:130","荠叶窝窝鸡","荠菜蒸团鸡","V","鸡","REC-V-C3","8:Lv.1","2","75;9","MN2;MN3;MN4;MN5;MN7","COL-1;COL-2;COL-3;COL-4;COL-5;COL-7;COL-8;COL-V","V-S1;V-E1;V-E2","O02;O03;O04;O05;O06;O07;O08;O11;O12","RG1;RG2;RG3;RG4","PJ-1;PJ-2;PJ-3;PJ-4","是","11","11","yard","leaf;grain"
"V-C4","0:131","麦芽辫卷鸡","麦芽小卷鸡","V","鸡","REC-V-C4","7:Lv.1","4","76;24","MN2;MN4;MN5","COL-1;COL-2;COL-4;COL-5;COL-8;COL-V","V-S2;V-E2","O02;O05;O06;O07;O08;O12","RG1;RG2;RG3;RG4","PJ-1;PJ-2;PJ-3;PJ-4","是","20","5","yard","grain;portable"
"V-C5","0:132","芝麻折扇鸡","芝麻薄脆鸡","V","鸡","REC-V-C5","4:Lv.2","4","9;72;27","MN4;MN5","COL-2;COL-4;COL-5;COL-7;COL-8;COL-V","V-E2","O02;O06;O07;O08;O12","RG1;RG2;RG3;RG4","PJ-1;PJ-2;PJ-3;PJ-4","是","20","5","yard","grain;portable"
"V-C6","0:133","麦穗冠鸡","麦穗冠鸡","V","鸡","REC-V-C6","0:Lv.1","2","76;0","","COL-1;COL-3;COL-8;COL-V","V-N2;V-S2;V-E1;V-E2","O04","RG2","PJ-4","否","4","16","yard","grain;leaf"
"V-D1","1:65","荠菜蛋卷鸭","荠菜蛋卷鸭","V","鸭","REC-V-D1","1:Lv.1","2","75;27","MN1;MN2;MN3;MN4;MN6;MN7","COL-1;COL-2;COL-3;COL-4;COL-6;COL-7;COL-8;COL-V","V-S1;V-E1","O01;O02;O03;O04;O05;O06;O08;O09;O11;O12","RG1;RG2;RG3;RG4","PJ-1;PJ-2;PJ-4","是","5","16","yard","leaf;portable"
"V-D2","1:66","麦芽切糕鸭","麦芽米糕鸭","V","鸭","REC-V-D2","2:Lv.2","2","76;16","MN2;MN3;MN4;MN5","COL-1;COL-2;COL-3;COL-4;COL-5;COL-8;COL-V","V-S2;V-E2","O02;O03;O05;O06;O07;O08;O12","RG1;RG2;RG3;RG4","PJ-1;PJ-2;PJ-3;PJ-4","是","18","5","water","grain;portable"
"V-D3","1:67","荠叶粉结鸭","荠菜汤包鸭","V","鸭","REC-V-D3","2:Lv.2","2","75;48","MN2;MN4;MN6;MN7","COL-1;COL-4;COL-6;COL-7;COL-8;COL-V","V-S1;V-E1","O04;O05;O06;O08;O09;O11;O12","RG2;RG3;RG1;RG4","PJ-1;PJ-2;PJ-4","是","4","19","water","leaf;portable"
"V-D4","1:68","麦芽奶砖鸭","麦芽奶冻鸭","V","鸭","REC-V-D4","5:Lv.2","4","76;57;25","MN4;MN7","COL-4;COL-7;COL-8;COL-V","V-S2;V-E2","O05;O06;O08;O11;O12","RG2;RG3;RG4","PJ-1;PJ-2;PJ-4","是","13","13","water","grain"
"V-D5","1:69","椒香饭团鸭","椒香饭团鸭","V","鸭","REC-V-D5","2:Lv.2","3","31;41","MN2;MN4;MN6;MN7","COL-1;COL-2;COL-4;COL-6;COL-7;COL-8;COL-V","V-E2","O05;O06;O08;O09;O11;O12","RG2;RG3;RG1;RG4","PJ-1;PJ-2;PJ-4","是","7","16","water","grain;portable"
"V-D6","1:70","谷粒斑鸭","谷粒斑鸭","V","鸭","REC-V-D6","0:Lv.1","2","76;31","","COL-1;COL-3;COL-8;COL-V","V-N2;V-S2;V-E2","O04","RG2","PJ-4","否","18","4","yard","grain;portable"
"R-C1","0:134","山柚蜜煎鸡","山柚蜜煎鸡","R","鸡","REC-R-C1","1:Lv.2","2","77;33","MN2;MN4;MN7","COL-1;COL-4;COL-7;COL-8;COL-R","R-S1;R-E1;R-E2","O05;O06;O08;O11;O12","RG2;RG3;RG4","PJ-1;PJ-2;PJ-4","是","18","4","water","fruit;portable"
"R-C2","0:135","水芹饭团鸡","水芹饭团鸡","R","鸡","REC-R-C2","2:Lv.2","2","78;31","MN2;MN4;MN6;MN7","COL-1;COL-2;COL-4;COL-6;COL-7;COL-8;COL-R","R-S2;R-E2","O04;O05;O06;O08;O09;O11;O12","RG2;RG3;RG1;RG4","PJ-1;PJ-2;PJ-4","是","20","5","water","leaf;portable"
"R-C3","0:136","柚皮口袋酥鸡","山柚酥饼鸡","R","鸡","REC-R-C3","4:Lv.2","2","77;9","MN2;MN4;MN5","COL-2;COL-4;COL-5;COL-8;COL-R","R-S1;R-E1;R-E2","O02;O06;O07;O08;O12","RG1;RG2;RG3;RG4","PJ-1;PJ-2;PJ-3;PJ-4","是","20","4","water","fruit;portable"
"R-C4","0:137","芹梗方饺鸡","水芹蒸饺鸡","R","鸡","REC-R-C4","8:Lv.2","3","78;25","MN2;MN3;MN4;MN5;MN7","COL-1;COL-3;COL-4;COL-5;COL-7;COL-8;COL-R","R-S2;R-E2","O02;O03;O04;O05;O06;O07;O08;O11;O12","RG1;RG2;RG3;RG4","PJ-1;PJ-2;PJ-3;PJ-4","是","5","20","water","leaf;portable"
"R-C5","0:138","姜丝锅贴鸡","姜香小饼鸡","R","鸡","REC-R-C5","1:Lv.2","2","9;29","MN2;MN4;MN6;MN7","COL-1;COL-2;COL-4;COL-6;COL-7;COL-8;COL-R","R-E2","O05;O06;O08;O11;O12","RG2;RG3;RG4","PJ-1;PJ-2;PJ-4","是","20","5","yard","portable"
"R-C6","0:139","柚灯鸡","柚灯鸡","R","鸡","REC-R-C6","0:Lv.1","2","77;0","","COL-2;COL-4;COL-8;COL-R","R-N1;R-S1;R-E1","O04","RG2","PJ-2;PJ-4","否","4","17","water","fruit"
"R-D1","1:71","山柚清茶鸭","山柚清茶鸭","R","鸭","REC-R-D1","6:Lv.1","4","77;3","MN2;MN4;MN5;MN7","COL-2;COL-4;COL-5;COL-7;COL-8;COL-R","R-S1;R-E1","O05;O06;O07;O11;O12","RG2;RG3;RG4","PJ-1;PJ-2;PJ-3;PJ-4","是","5","20","wood","tea;fruit"
"R-D2","1:72","水芹清煨鸭","水芹清煨鸭","R","鸭","REC-R-D2","5:Lv.1","2","78;27","MN2;MN4;MN6;MN7","COL-1;COL-4;COL-6;COL-7;COL-8;COL-R","R-S2","O04;O05;O06;O08;O09;O11;O12","RG2;RG3;RG1;RG4","PJ-1;PJ-2;PJ-4","是","17","5","water","leaf"
"R-D3","1:73","柚瓤双团鸭","山柚米团鸭","R","鸭","REC-R-D3","2:Lv.2","2","77;16","MN2;MN4;MN7","COL-2;COL-4;COL-7;COL-8;COL-R","R-S1;R-E1","O02;O05;O06;O07;O08;O11;O12","RG1;RG2;RG3;RG4","PJ-1;PJ-2;PJ-3;PJ-4","是","12","12","water","fruit;grain"
"R-D4","1:74","芹叶摊饼鸭","水芹薄饼鸭","R","鸭","REC-R-D4","1:Lv.2","2","78;9","MN2;MN4;MN7","COL-1;COL-2;COL-4;COL-7;COL-8;COL-R","R-S2;R-E2","O04;O05;O06;O08;O11;O12","RG2;RG3;RG4","PJ-1;PJ-2;PJ-4","是","11","11","water","leaf;portable"
"R-D5","1:75","芝麻脆筒鸭","芝麻酥卷鸭","R","鸭","REC-R-D5","3:Lv.2","4","9;72","MN2;MN4","COL-2;COL-4;COL-8;COL-R","R-E2","O02;O06;O07;O08;O12","RG1;RG2;RG3;RG4","PJ-1;PJ-2;PJ-3;PJ-4","是","20","5","yard","grain;portable"
"R-D6","1:76","水纹叶鸭","水纹叶鸭","R","鸭","REC-R-D6","0:Lv.1","2","78;27","","COL-2;COL-4;COL-8;COL-R","R-N1;R-S2","O04","RG2","PJ-2;PJ-4","否","4","17","water","leaf"
"T-C1","0:140","焙叶茶衣鸡","焙茶锅煮鸡","T","鸡","REC-T-C1","2:Lv.1","2","79","MN1;MN2;MN3;MN5;MN6","COL-1;COL-2;COL-3;COL-5;COL-6;COL-7;COL-8;COL-T","T-S1;T-E1","O01;O02;O03;O06;O07;O08;O09;O12","RG1;RG2;RG3;RG4","PJ-1;PJ-2;PJ-3;PJ-4","是","4","18","wood","tea;leaf"
"T-C2","0:141","桂花层糕鸡","桂花米糕鸡","T","鸡","REC-T-C2","2:Lv.2","2","80;16","MN2;MN3;MN4;MN5","COL-2;COL-3;COL-4;COL-5;COL-8;COL-T","T-S2;T-N2","O02;O03;O04;O06;O07;O08;O12","RG1;RG2;RG3;RG4","PJ-1;PJ-2;PJ-3;PJ-4","是","18","5","wood","floral;grain"
"T-C3","0:142","焙叶压纹鸡","焙茶小饼鸡","T","鸡","REC-T-C3","4:Lv.1","2","79;9","MN2;MN4;MN5","COL-2;COL-4;COL-5;COL-7;COL-8;COL-T","T-S1;T-E1;T-E2","O02;O06;O07;O08;O12","RG1;RG2;RG3;RG4","PJ-1;PJ-2;PJ-3;PJ-4","是","18","4","wood","tea;portable"
"T-C4","0:143","桂花奶环鸡","桂花奶冻鸡","T","鸡","REC-T-C4","5:Lv.2","4","80;57;25","MN4;MN7","COL-4;COL-7;COL-8;COL-T","T-S2;T-N2","O04;O05;O06;O08;O11;O12","RG2;RG3;RG4","PJ-1;PJ-2;PJ-4","是","19","6","wood","floral"
"T-C5","0:144","蜜孔发糕鸡","蜜香蒸糕鸡","T","鸡","REC-T-C5","8:Lv.1","2","9;33","MN2;MN3;MN4;MN5","COL-2;COL-3;COL-4;COL-5;COL-8;COL-T","T-E2","O02;O03;O06;O07;O08;O12","RG1;RG2;RG3;RG4","PJ-1;PJ-2;PJ-3;PJ-4","是","20","5","yard","grain;portable"
"T-C6","0:145","茶芽冠鸡","茶芽冠鸡","T","鸡","REC-T-C6","0:Lv.1","2","79;0","","COL-5;COL-6;COL-8;COL-T","T-N1;T-S1;T-E1","O04","RG2;RG3","PJ-4","否","4","19","wood","tea;leaf"
"T-D1","1:77","焙叶双层茶鸭","焙香奶茶鸭","T","鸭","REC-T-D1","6:Lv.2","4","79;57;63","MN2;MN5","COL-2;COL-5;COL-8;COL-T","T-S1;T-E1","O06;O07;O08;O12","RG2;RG3;RG4","PJ-1;PJ-2;PJ-3;PJ-4","是","5","20","wood","tea"
"T-D2","1:78","桂花浮茶鸭","桂花茶鸭","T","鸭","REC-T-D2","6:Lv.2","4","80;63","MN2;MN4;MN5;MN7","COL-2;COL-4;COL-5;COL-7;COL-8;COL-T","T-S2;T-E1;T-N2","O04;O05;O06;O07;O11;O12","RG2;RG3;RG4","PJ-1;PJ-2;PJ-3;PJ-4","是","5","20","wood","tea;floral"
"T-D3","1:79","焙叶米枕鸭","焙香米团鸭","T","鸭","REC-T-D3","2:Lv.2","2","79;31","MN2;MN4;MN5;MN6;MN7","COL-1;COL-2;COL-4;COL-5;COL-6;COL-7;COL-8;COL-T","T-S1;T-E1","O05;O06;O07;O08;O09;O11;O12","RG2;RG3;RG1;RG4","PJ-1;PJ-2;PJ-3;PJ-4","是","17","6","wood","tea;grain"
"T-D4","1:80","桂花风车酥鸭","桂花酥鸭","T","鸭","REC-T-D4","4:Lv.2","2","80;9","MN2;MN4;MN5","COL-2;COL-4;COL-5;COL-8;COL-T","T-S2;T-E2;T-N2","O02;O04;O06;O07;O08;O12","RG1;RG2;RG3;RG4","PJ-1;PJ-2;PJ-3;PJ-4","是","17","5","wood","floral;portable"
"T-D5","1:81","姜蜜软糖鸭","姜蜜软糕鸭","T","鸭","REC-T-D5","5:Lv.2","2","29;33","MN2;MN4;MN6","COL-2;COL-4;COL-6;COL-8;COL-T","T-E2","O02;O06;O07;O08;O09;O12","RG1;RG2;RG3;RG4","PJ-1;PJ-2;PJ-3;PJ-4","是","6","16","wood","portable"
"T-D6","1:82","桂露穗羽鸭","花露羽鸭","T","鸭","REC-T-D6","0:Lv.1","2","80;0","","COL-5;COL-6;COL-8;COL-T","T-N2;T-S2","O04","RG2;RG3","PJ-4","否","4","18","wood","floral;leaf"
"B-C1","0:146","盐花裂皮鸡","盐花烤鸡","B","鸡","REC-B-C1","4:Lv.2","3","81;8","MN2;MN7","COL-1;COL-7;COL-8;COL-B","B-S1;B-E1;B-N1","O06;O08;O11;O12","RG2;RG3;RG4","PJ-1;PJ-2;PJ-4","是","20","5","yard","salt;portable"
"B-C2","0:147","海蓬网饼鸡","海蓬薄饼鸡","B","鸡","REC-B-C2","1:Lv.2","3","82;9","MN2;MN4;MN7","COL-1;COL-2;COL-4;COL-7;COL-8;COL-B","B-S2;B-E1;B-E2","O04;O05;O06;O08;O11;O12","RG2;RG3;RG4","PJ-1;PJ-2;PJ-4","是","12","12","water","leaf;portable"
"B-C3","0:148","盐花奶酥鸡","盐花奶酥鸡","B","鸡","REC-B-C3","4:Lv.2","3","81;9;24","MN2;MN4;MN5;MN7","COL-2;COL-4;COL-5;COL-7;COL-8;COL-B","B-S1;B-N1","O02;O06;O07;O08;O12","RG1;RG2;RG3;RG4","PJ-1;PJ-2;PJ-3;PJ-4","是","20","5","yard","salt;grain"
"B-C4","0:149","海蓬开口卷鸡","海蓬蒸卷鸡","B","鸡","REC-B-C4","8:Lv.1","3","82;9","MN2;MN3;MN4;MN5;MN7","COL-1;COL-2;COL-3;COL-4;COL-5;COL-7;COL-8;COL-B","B-S2;B-E1;B-E2","O02;O03;O04;O05;O06;O07;O08;O11;O12","RG1;RG2;RG3;RG4","PJ-1;PJ-2;PJ-3;PJ-4","是","18","4","water","leaf;portable"
"B-C5","0:150","胡椒锅巴鸡","胡椒米饼鸡","B","鸡","REC-B-C5","1:Lv.3","3","31;41","MN2;MN4;MN7","COL-1;COL-2;COL-4;COL-7;COL-8;COL-B","B-E1","O05;O06;O08;O11;O12","RG2;RG3;RG4","PJ-1;PJ-2;PJ-4","是","20","5","yard","grain;portable"
"B-C6","0:151","盐晶冠鸡","盐晶冠鸡","B","鸡","REC-B-C6","0:Lv.1","3","81;0","","COL-7;COL-8;COL-B","B-N1;B-S1","O04","RG2;RG4","PJ-4","否","5","14","water","salt"
"B-D1","1:83","盐花葱结鸭","盐花慢煨鸭","B","鸭","REC-B-D1","5:Lv.2","3","81;46","MN2;MN4;MN6;MN7","COL-1;COL-4;COL-6;COL-7;COL-8;COL-B","B-S1;B-E2;B-N1","O05;O06;O08;O09;O11;O12","RG2;RG3;RG1;RG4","PJ-1;PJ-2;PJ-4","是","18","4","water","salt;leaf"
"B-D2","1:84","海蓬长饭鸭","海蓬饭团鸭","B","鸭","REC-B-D2","2:Lv.2","3","82;31","MN2;MN4;MN6;MN7","COL-1;COL-2;COL-4;COL-6;COL-7;COL-8;COL-B","B-S2;B-E2","O04;O05;O06;O08;O09;O11;O12","RG2;RG3;RG1;RG4","PJ-1;PJ-2;PJ-4","是","19","5","water","leaf;grain"
"B-D3","1:85","盐花糖壳鸭","盐花焦糖鸭","B","鸭","REC-B-D3","2:Lv.2","4","81;58","MN7","COL-7;COL-8;COL-B","B-S1;B-N1","O06;O08;O12","RG2;RG3;RG4","PJ-1;PJ-2;PJ-4","是","6","18","water","salt"
"B-D4","1:86","海蓬豆窝鸭","海蓬汤包鸭","B","鸭","REC-B-D4","5:Lv.2","3","82;49","MN2;MN6;MN7","COL-1;COL-6;COL-7;COL-8;COL-B","B-S2;B-E2","O04;O06;O08;O09;O11;O12","RG2;RG3;RG1;RG4","PJ-1;PJ-2;PJ-4","是","19","4","water","leaf;grain"
"B-D5","1:87","橙皮风帆鸭","柚香脆卷鸭","B","鸭","REC-B-D5","4:Lv.2","3","44;10","MN2;MN4;MN5;MN7","COL-2;COL-4;COL-5;COL-7;COL-8;COL-B","B-E1","O02;O05;O06;O07;O08;O11;O12","RG1;RG2;RG3;RG4","PJ-1;PJ-2;PJ-3;PJ-4","是","20","5","water","fruit;portable"
"B-D6","1:88","潮纹贝鸭","潮纹贝鸭","B","鸭","REC-B-D6","0:Lv.1","3","81;27","","COL-7;COL-8;COL-B","B-N2;B-S1;B-N1","O04","RG2;RG4","PJ-4","否","6","14","water","salt"
