category,logical_group,source,width,height,format,mode,bytes
Button,fast_scroll.png,assets/png/Button/fast_scroll.png,56,56,PNG,RGBA,5033
Button,go_right.png,assets/png/Button/go_right.png,36,36,PNG,RGBA,3315
Button,kousinbotan.png,assets/png/Button/kousinbotan.png,48,48,PNG,RGBA,3324
鸡宝,character:0:0,assets/png/Character/character_0/character_0_0_0_0.png,120,120,PNG,RGBA,12275
鸡宝,character:0:100,assets/png/Character/character_0/character_0_100_0_0.png,120,120,PNG,RGBA,16458
鸡宝,character:0:101,assets/png/Character/character_0/character_0_101_0_0.png,120,120,PNG,RGBA,16203
鸡宝,character:0:102,assets/png/Character/character_0/character_0_102_0_0.png,120,120,PNG,RGBA,17634
鸡宝,character:0:103,assets/png/Character/character_0/character_0_103_0_0.png,120,120,PNG,RGBA,14491
鸡宝,character:0:104,assets/png/Character/character_0/character_0_104_0_0.png,120,120,PNG,RGBA,21383
鸡宝,character:0:105,assets/png/Character/character_0/character_0_105_0_0.png,120,120,PNG,RGBA,14920
鸡宝,character:0:106,assets/png/Character/character_0/character_0_106_0_0.png,120,120,PNG,RGBA,13805
鸡宝,character:0:107,assets/png/Character/character_0/character_0_107_0_0.png,120,120,PNG,RGBA,12453
鸡宝,character:0:108,assets/png/Character/character_0/character_0_108_0_0.png,120,120,PNG,RGBA,15982
鸡宝,character:0:109,assets/png/Character/character_0/character_0_109_0_0.png,120,120,PNG,RGBA,15107
鸡宝,character:0:10,assets/png/Character/character_0/character_0_10_0_0.png,120,120,PNG,RGBA,12492
鸡宝,character:0:110,assets/png/Character/character_0/character_0_110_0_0.png,120,120,PNG,RGBA,16484
鸡宝,character:0:111,assets/png/Character/character_0/character_0_111_0_0.png,120,120,PNG,RGBA,15805
鸡宝,character:0:112,assets/png/Character/character_0/character_0_112_0_0.png,120,120,PNG,RGBA,15675
鸡宝,character:0:113,assets/png/Character/character_0/character_0_113_0_0.png,120,120,PNG,RGBA,17123
鸡宝,character:0:11,assets/png/Character/character_0/character_0_11_0_0.png,120,120,PNG,RGBA,13815
鸡宝,character:0:12,assets/png/Character/character_0/character_0_12_0_0.png,120,120,PNG,RGBA,11941
鸡宝,character:0:13,assets/png/Character/character_0/character_0_13_0_0.png,120,120,PNG,RGBA,16198
鸡宝,character:0:14,assets/png/Character/character_0/character_0_14_0_0.png,120,120,PNG,RGBA,15377
鸡宝,character:0:15,assets/png/Character/character_0/character_0_15_0_0.png,120,120,PNG,RGBA,16882
鸡宝,character:0:16,assets/png/Character/character_0/character_0_16_0_0.png,120,120,PNG,RGBA,14618
鸡宝,character:0:17,assets/png/Character/character_0/character_0_17_0_0.png,120,120,PNG,RGBA,18664
鸡宝,character:0:18,assets/png/Character/character_0/character_0_18_0_0.png,120,120,PNG,RGBA,12908
鸡宝,character:0:19,assets/png/Character/character_0/character_0_19_0_0.png,120,120,PNG,RGBA,14135
鸡宝,character:0:1,assets/png/Character/character_0/character_0_1_0_0.png,120,120,PNG,RGBA,11100
鸡宝,character:0:20,assets/png/Character/character_0/character_0_20_0_0.png,120,120,PNG,RGBA,15417
鸡宝,character:0:21,assets/png/Character/character_0/character_0_21_0_0.png,120,120,PNG,RGBA,14490
鸡宝,character:0:22,assets/png/Character/character_0/character_0_22_0_0.png,120,120,PNG,RGBA,14522
鸡宝,character:0:23,assets/png/Character/character_0/character_0_23_0_0.png,120,120,PNG,RGBA,18160
鸡宝,character:0:24,assets/png/Character/character_0/character_0_24_0_0.png,120,120,PNG,RGBA,17726
鸡宝,character:0:25,assets/png/Character/character_0/character_0_25_0_0.png,120,120,PNG,RGBA,12189
鸡宝,character:0:26,assets/png/Character/character_0/character_0_26_0_0.png,120,120,PNG,RGBA,14676
鸡宝,character:0:27,assets/png/Character/character_0/character_0_27_0_0.png,120,120,PNG,RGBA,16889
鸡宝,character:0:28,assets/png/Character/character_0/character_0_28_0_0.png,120,120,PNG,RGBA,11702
鸡宝,character:0:29,assets/png/Character/character_0/character_0_29_0_0.png,120,120,PNG,RGBA,8763
鸡宝,character:0:2,assets/png/Character/character_0/character_0_2_0_0.png,120,120,PNG,RGBA,11598
鸡宝,character:0:30,assets/png/Character/character_0/character_0_30_0_0.png,120,120,PNG,RGBA,15538
鸡宝,character:0:31,assets/png/Character/character_0/character_0_31_0_0.png,120,120,PNG,RGBA,10625
鸡宝,character:0:32,assets/png/Character/character_0/character_0_32_0_0.png,120,120,PNG,RGBA,18350
鸡宝,character:0:33,assets/png/Character/character_0/character_0_33_0_0.png,120,120,PNG,RGBA,18657
鸡宝,character:0:34,assets/png/Character/character_0/character_0_34_0_0.png,120,120,PNG,RGBA,13158
鸡宝,character:0:35,assets/png/Character/character_0/character_0_35_0_0.png,120,120,PNG,RGBA,9332
鸡宝,character:0:36,assets/png/Character/character_0/character_0_36_0_0.png,120,120,PNG,RGBA,14940
鸡宝,character:0:37,assets/png/Character/character_0/character_0_37_0_0.png,120,120,PNG,RGBA,15960
鸡宝,character:0:38,assets/png/Character/character_0/character_0_38_0_0.png,120,120,PNG,RGBA,15174
鸡宝,character:0:39,assets/png/Character/character_0/character_0_39_0_0.png,120,120,PNG,RGBA,15422
鸡宝,character:0:3,assets/png/Character/character_0/character_0_3_0_0.png,120,120,PNG,RGBA,16617
鸡宝,character:0:40,assets/png/Character/character_0/character_0_40_0_0.png,120,120,PNG,RGBA,12551
鸡宝,character:0:41,assets/png/Character/character_0/character_0_41_0_0.png,120,120,PNG,RGBA,14131
鸡宝,character:0:42,assets/png/Character/character_0/character_0_42_0_0.png,120,120,PNG,RGBA,13414
鸡宝,character:0:43,assets/png/Character/character_0/character_0_43_0_0.png,120,120,PNG,RGBA,10061
鸡宝,character:0:44,assets/png/Character/character_0/character_0_44_0_0.png,120,120,PNG,RGBA,15449
鸡宝,character:0:45,assets/png/Character/character_0/character_0_45_0_0.png,120,120,PNG,RGBA,14155
鸡宝,character:0:46,assets/png/Character/character_0/character_0_46_0_0.png,120,120,PNG,RGBA,14840
鸡宝,character:0:47,assets/png/Character/character_0/character_0_47_0_0.png,120,120,PNG,RGBA,12587
鸡宝,character:0:48,assets/png/Character/character_0/character_0_48_0_0.png,120,120,PNG,RGBA,15999
鸡宝,character:0:49,assets/png/Character/character_0/character_0_49_0_0.png,120,120,PNG,RGBA,15513
鸡宝,character:0:4,assets/png/Character/character_0/character_0_4_0_0.png,120,120,PNG,RGBA,15104
鸡宝,character:0:50,assets/png/Character/character_0/character_0_50_0_0.png,120,120,PNG,RGBA,15096
鸡宝,character:0:51,assets/png/Character/character_0/character_0_51_0_0.png,120,120,PNG,RGBA,17099
鸡宝,character:0:52,assets/png/Character/character_0/character_0_52_0_0.png,120,120,PNG,RGBA,19423
鸡宝,character:0:53,assets/png/Character/character_0/character_0_53_0_0.png,120,120,PNG,RGBA,13747
鸡宝,character:0:54,assets/png/Character/character_0/character_0_54_0_0.png,120,120,PNG,RGBA,10744
鸡宝,character:0:55,assets/png/Character/character_0/character_0_55_0_0.png,120,120,PNG,RGBA,11450
鸡宝,character:0:56,assets/png/Character/character_0/character_0_56_0_0.png,120,120,PNG,RGBA,14641
鸡宝,character:0:57,assets/png/Character/character_0/character_0_57_0_0.png,120,120,PNG,RGBA,14363
鸡宝,character:0:58,assets/png/Character/character_0/character_0_58_0_0.png,120,120,PNG,RGBA,15928
鸡宝,character:0:59,assets/png/Character/character_0/character_0_59_0_0.png,120,120,PNG,RGBA,15831
鸡宝,character:0:5,assets/png/Character/character_0/character_0_5_0_0.png,120,120,PNG,RGBA,14570
鸡宝,character:0:60,assets/png/Character/character_0/character_0_60_0_0.png,120,120,PNG,RGBA,16121
鸡宝,character:0:61,assets/png/Character/character_0/character_0_61_0_0.png,120,120,PNG,RGBA,13694
鸡宝,character:0:62,assets/png/Character/character_0/character_0_62_0_0.png,120,120,PNG,RGBA,11890
鸡宝,character:0:63,assets/png/Character/character_0/character_0_63_0_0.png,120,120,PNG,RGBA,14275
鸡宝,character:0:64,assets/png/Character/character_0/character_0_64_0_0.png,120,120,PNG,RGBA,19224
鸡宝,character:0:65,assets/png/Character/character_0/character_0_65_0_0.png,120,120,PNG,RGBA,14242
鸡宝,character:0:66,assets/png/Character/character_0/character_0_66_0_0.png,120,120,PNG,RGBA,14148
鸡宝,character:0:67,assets/png/Character/character_0/character_0_67_0_0.png,120,120,PNG,RGBA,17324
鸡宝,character:0:68,assets/png/Character/character_0/character_0_68_0_0.png,120,120,PNG,RGBA,14614
鸡宝,character:0:69,assets/png/Character/character_0/character_0_69_0_0.png,120,120,PNG,RGBA,14887
鸡宝,character:0:6,assets/png/Character/character_0/character_0_6_0_0.png,120,120,PNG,RGBA,17896
鸡宝,character:0:70,assets/png/Character/character_0/character_0_70_0_0.png,120,120,PNG,RGBA,12981
鸡宝,character:0:71,assets/png/Character/character_0/character_0_71_0_0.png,120,120,PNG,RGBA,11929
鸡宝,character:0:72,assets/png/Character/character_0/character_0_72_0_0.png,120,120,PNG,RGBA,10359
鸡宝,character:0:73,assets/png/Character/character_0/character_0_73_0_0.png,120,120,PNG,RGBA,14191
鸡宝,character:0:74,assets/png/Character/character_0/character_0_74_0_0.png,120,120,PNG,RGBA,12098
鸡宝,character:0:75,assets/png/Character/character_0/character_0_75_0_0.png,120,120,PNG,RGBA,14027
鸡宝,character:0:76,assets/png/Character/character_0/character_0_76_0_0.png,120,120,PNG,RGBA,15011
鸡宝,character:0:77,assets/png/Character/character_0/character_0_77_0_0.png,120,120,PNG,RGBA,14291
鸡宝,character:0:78,assets/png/Character/character_0/character_0_78_0_0.png,120,120,PNG,RGBA,14568
鸡宝,character:0:79,assets/png/Character/character_0/character_0_79_0_0.png,120,120,PNG,RGBA,9909
鸡宝,character:0:7,assets/png/Character/character_0/character_0_7_0_0.png,120,120,PNG,RGBA,17431
鸡宝,character:0:80,assets/png/Character/character_0/character_0_80_0_0.png,120,120,PNG,RGBA,15862
鸡宝,character:0:81,assets/png/Character/character_0/character_0_81_0_0.png,120,120,PNG,RGBA,16147
鸡宝,character:0:82,assets/png/Character/character_0/character_0_82_0_0.png,120,120,PNG,RGBA,17009
鸡宝,character:0:83,assets/png/Character/character_0/character_0_83_0_0.png,120,120,PNG,RGBA,16671
鸡宝,character:0:84,assets/png/Character/character_0/character_0_84_0_0.png,120,120,PNG,RGBA,16560
鸡宝,character:0:85,assets/png/Character/character_0/character_0_85_0_0.png,120,120,PNG,RGBA,17674
鸡宝,character:0:86,assets/png/Character/character_0/character_0_86_0_0.png,120,120,PNG,RGBA,17088
鸡宝,character:0:87,assets/png/Character/character_0/character_0_87_0_0.png,120,120,PNG,RGBA,16529
鸡宝,character:0:88,assets/png/Character/character_0/character_0_88_0_0.png,120,120,PNG,RGBA,20634
鸡宝,character:0:89,assets/png/Character/character_0/character_0_89_0_0.png,120,120,PNG,RGBA,15352
鸡宝,character:0:8,assets/png/Character/character_0/character_0_8_0_0.png,120,120,PNG,RGBA,11767
鸡宝,character:0:90,assets/png/Character/character_0/character_0_90_0_0.png,120,120,PNG,RGBA,16429
鸡宝,character:0:91,assets/png/Character/character_0/character_0_91_0_0.png,120,120,PNG,RGBA,16155
鸡宝,character:0:92,assets/png/Character/character_0/character_0_92_0_0.png,120,120,PNG,RGBA,16190
鸡宝,character:0:93,assets/png/Character/character_0/character_0_93_0_0.png,120,120,PNG,RGBA,17549
鸡宝,character:0:94,assets/png/Character/character_0/character_0_94_0_0.png,120,120,PNG,RGBA,15508
鸡宝,character:0:95,assets/png/Character/character_0/character_0_95_0_0.png,120,120,PNG,RGBA,15712
鸡宝,character:0:96,assets/png/Character/character_0/character_0_96_0_0.png,120,120,PNG,RGBA,16980
鸡宝,character:0:97,assets/png/Character/character_0/character_0_97_0_0.png,120,120,PNG,RGBA,17626
鸡宝,character:0:98,assets/png/Character/character_0/character_0_98_0_0.png,120,120,PNG,RGBA,16400
鸡宝,character:0:99,assets/png/Character/character_0/character_0_99_0_0.png,120,120,PNG,RGBA,14209
鸡宝,character:0:9,assets/png/Character/character_0/character_0_9_0_0.png,120,120,PNG,RGBA,13764
角色特殊方向与辅助,character_0_to_104.png,assets/png/Character/character_0/character_0_to_104.png,240,120,PNG,RGBA,41720
鸭宝,character:1:0,assets/png/Character/character_1/character_1_0_0_0.png,120,120,PNG,RGBA,12723
鸭宝,character:1:10,assets/png/Character/character_1/character_1_10_0_0.png,120,120,PNG,RGBA,14327
鸭宝,character:1:11,assets/png/Character/character_1/character_1_11_0_0.png,120,120,PNG,RGBA,14689
鸭宝,character:1:12,assets/png/Character/character_1/character_1_12_0_0.png,120,120,PNG,RGBA,13825
鸭宝,character:1:13,assets/png/Character/character_1/character_1_13_0_0.png,120,120,PNG,RGBA,14493
鸭宝,character:1:14,assets/png/Character/character_1/character_1_14_0_0.png,120,120,PNG,RGBA,11706
鸭宝,character:1:15,assets/png/Character/character_1/character_1_15_0_0.png,120,120,PNG,RGBA,12806
鸭宝,character:1:16,assets/png/Character/character_1/character_1_16_0_0.png,120,120,PNG,RGBA,12110
鸭宝,character:1:17,assets/png/Character/character_1/character_1_17_0_0.png,120,120,PNG,RGBA,13550
鸭宝,character:1:18,assets/png/Character/character_1/character_1_18_0_0.png,120,120,PNG,RGBA,11912
鸭宝,character:1:19,assets/png/Character/character_1/character_1_19_0_0.png,120,120,PNG,RGBA,11767
鸭宝,character:1:1,assets/png/Character/character_1/character_1_1_0_0.png,120,120,PNG,RGBA,9431
鸭宝,character:1:20,assets/png/Character/character_1/character_1_20_0_0.png,120,120,PNG,RGBA,10836
鸭宝,character:1:21,assets/png/Character/character_1/character_1_21_0_0.png,120,120,PNG,RGBA,14764
鸭宝,character:1:22,assets/png/Character/character_1/character_1_22_0_0.png,120,120,PNG,RGBA,21621
鸭宝,character:1:23,assets/png/Character/character_1/character_1_23_0_0.png,120,120,PNG,RGBA,17764
鸭宝,character:1:24,assets/png/Character/character_1/character_1_24_0_0.png,120,120,PNG,RGBA,14571
鸭宝,character:1:25,assets/png/Character/character_1/character_1_25_0_0.png,120,120,PNG,RGBA,15195
鸭宝,character:1:26,assets/png/Character/character_1/character_1_26_0_0.png,120,120,PNG,RGBA,10646
鸭宝,character:1:27,assets/png/Character/character_1/character_1_27_0_0.png,120,120,PNG,RGBA,14653
鸭宝,character:1:28,assets/png/Character/character_1/character_1_28_0_0.png,120,120,PNG,RGBA,14250
鸭宝,character:1:29,assets/png/Character/character_1/character_1_29_0_0.png,120,120,PNG,RGBA,16101
鸭宝,character:1:2,assets/png/Character/character_1/character_1_2_0_0.png,120,120,PNG,RGBA,11486
鸭宝,character:1:30,assets/png/Character/character_1/character_1_30_0_0.png,120,120,PNG,RGBA,13370
鸭宝,character:1:31,assets/png/Character/character_1/character_1_31_0_0.png,120,120,PNG,RGBA,19508
鸭宝,character:1:32,assets/png/Character/character_1/character_1_32_0_0.png,120,120,PNG,RGBA,13697
鸭宝,character:1:33,assets/png/Character/character_1/character_1_33_0_0.png,120,120,PNG,RGBA,14609
鸭宝,character:1:34,assets/png/Character/character_1/character_1_34_0_0.png,120,120,PNG,RGBA,13530
鸭宝,character:1:35,assets/png/Character/character_1/character_1_35_0_0.png,120,120,PNG,RGBA,16572
鸭宝,character:1:36,assets/png/Character/character_1/character_1_36_0_0.png,120,120,PNG,RGBA,13870
鸭宝,character:1:37,assets/png/Character/character_1/character_1_37_0_0.png,120,120,PNG,RGBA,13925
鸭宝,character:1:38,assets/png/Character/character_1/character_1_38_0_0.png,120,120,PNG,RGBA,12883
鸭宝,character:1:39,assets/png/Character/character_1/character_1_39_0_0.png,120,120,PNG,RGBA,13056
鸭宝,character:1:3,assets/png/Character/character_1/character_1_3_0_0.png,120,120,PNG,RGBA,13664
鸭宝,character:1:40,assets/png/Character/character_1/character_1_40_0_0.png,120,120,PNG,RGBA,13872
鸭宝,character:1:41,assets/png/Character/character_1/character_1_41_0_0.png,120,120,PNG,RGBA,11675
鸭宝,character:1:42,assets/png/Character/character_1/character_1_42_0_0.png,120,120,PNG,RGBA,13498
鸭宝,character:1:43,assets/png/Character/character_1/character_1_43_0_0.png,120,120,PNG,RGBA,14031
鸭宝,character:1:44,assets/png/Character/character_1/character_1_44_0_0.png,120,120,PNG,RGBA,14495
鸭宝,character:1:45,assets/png/Character/character_1/character_1_45_0_0.png,120,120,PNG,RGBA,14878
鸭宝,character:1:46,assets/png/Character/character_1/character_1_46_0_0.png,120,120,PNG,RGBA,15052
鸭宝,character:1:47,assets/png/Character/character_1/character_1_47_0_0.png,120,120,PNG,RGBA,12169
鸭宝,character:1:48,assets/png/Character/character_1/character_1_48_0_0.png,120,120,PNG,RGBA,14407
鸭宝,character:1:49,assets/png/Character/character_1/character_1_49_0_0.png,120,120,PNG,RGBA,15514
鸭宝,character:1:4,assets/png/Character/character_1/character_1_4_0_0.png,120,120,PNG,RGBA,13482
鸭宝,character:1:50,assets/png/Character/character_1/character_1_50_0_0.png,120,120,PNG,RGBA,14367
鸭宝,character:1:51,assets/png/Character/character_1/character_1_51_0_0.png,120,120,PNG,RGBA,18732
鸭宝,character:1:52,assets/png/Character/character_1/character_1_52_0_0.png,120,120,PNG,RGBA,15099
鸭宝,character:1:53,assets/png/Character/character_1/character_1_53_0_0.png,120,120,PNG,RGBA,15684
鸭宝,character:1:54,assets/png/Character/character_1/character_1_54_0_0.png,120,120,PNG,RGBA,17392
鸭宝,character:1:55,assets/png/Character/character_1/character_1_55_0_0.png,120,120,PNG,RGBA,16452
鸭宝,character:1:56,assets/png/Character/character_1/character_1_56_0_0.png,120,120,PNG,RGBA,16512
鸭宝,character:1:5,assets/png/Character/character_1/character_1_5_0_0.png,120,120,PNG,RGBA,17011
鸭宝,character:1:6,assets/png/Character/character_1/character_1_6_0_0.png,120,120,PNG,RGBA,12695
鸭宝,character:1:7,assets/png/Character/character_1/character_1_7_0_0.png,120,120,PNG,RGBA,13577
鸭宝,character:1:8,assets/png/Character/character_1/character_1_8_0_0.png,120,120,PNG,RGBA,12519
鸭宝,character:1:9,assets/png/Character/character_1/character_1_9_0_0.png,120,120,PNG,RGBA,11222
角色特殊方向与辅助,character_0_100_0_1.png,assets/png/Character/character_rev/character_0_100_0_1.png,120,120,PNG,RGBA,16213
角色特殊方向与辅助,character_0_101_0_1.png,assets/png/Character/character_rev/character_0_101_0_1.png,120,120,PNG,RGBA,16242
角色特殊方向与辅助,character_0_102_0_1.png,assets/png/Character/character_rev/character_0_102_0_1.png,120,120,PNG,RGBA,17613
角色特殊方向与辅助,character_0_103_0_1.png,assets/png/Character/character_rev/character_0_103_0_1.png,120,120,PNG,RGBA,14598
角色特殊方向与辅助,character_0_84_0_1.png,assets/png/Character/character_rev/character_0_84_0_1.png,120,120,PNG,RGBA,16588
角色特殊方向与辅助,character_0_89_0_1.png,assets/png/Character/character_rev/character_0_89_0_1.png,120,120,PNG,RGBA,15272
角色特殊方向与辅助,character_0_90_0_1.png,assets/png/Character/character_rev/character_0_90_0_1.png,120,120,PNG,RGBA,16520
角色特殊方向与辅助,character_0_91_0_1.png,assets/png/Character/character_rev/character_0_91_0_1.png,120,120,PNG,RGBA,16082
角色特殊方向与辅助,character_0_92_0_1.png,assets/png/Character/character_rev/character_0_92_0_1.png,120,120,PNG,RGBA,16088
角色特殊方向与辅助,character_0_93_0_1.png,assets/png/Character/character_rev/character_0_93_0_1.png,120,120,PNG,RGBA,17481
角色特殊方向与辅助,character_0_94_0_1.png,assets/png/Character/character_rev/character_0_94_0_1.png,120,120,PNG,RGBA,15583
角色特殊方向与辅助,character_0_95_0_1.png,assets/png/Character/character_rev/character_0_95_0_1.png,120,120,PNG,RGBA,15828
角色特殊方向与辅助,character_0_96_0_1.png,assets/png/Character/character_rev/character_0_96_0_1.png,120,120,PNG,RGBA,16899
角色特殊方向与辅助,character_0_97_0_1.png,assets/png/Character/character_rev/character_0_97_0_1.png,120,120,PNG,RGBA,17607
角色特殊方向与辅助,character_0_98_0_1.png,assets/png/Character/character_rev/character_0_98_0_1.png,120,120,PNG,RGBA,16409
角色特殊方向与辅助,character_0_99_0_1.png,assets/png/Character/character_rev/character_0_99_0_1.png,120,120,PNG,RGBA,14163
角色特殊方向与辅助,character_shadow.png,assets/png/Character/character_shadow.png,120,120,PNG,RGBA,4677
角色特殊方向与辅助,character_shadow_0.png,assets/png/Character/character_shadow_0.png,120,120,PNG,RGBA,4679
角色特殊方向与辅助,character_shadow_1.png,assets/png/Character/character_shadow_1.png,120,120,PNG,RGBA,4629
根目录标识,Default@2x.jpg,assets/png/Default@2x.jpg,640,960,JPEG,RGB,40086
蛋与蛋壳,egg_0,assets/png/Egg/egg_0_0_0.png,120,120,PNG,RGBA,10019
蛋与蛋壳,egg_0,assets/png/Egg/egg_0_0_1.png,120,120,PNG,RGBA,11410
蛋与蛋壳,egg_0,assets/png/Egg/egg_0_0_2.png,120,120,PNG,RGBA,12885
蛋与蛋壳,egg_0,assets/png/Egg/egg_0_0_3.png,120,120,PNG,RGBA,14179
蛋与蛋壳,egg_1,assets/png/Egg/egg_1_0_0.png,120,120,PNG,RGBA,10537
蛋与蛋壳,egg_1,assets/png/Egg/egg_1_0_1.png,120,120,PNG,RGBA,12098
蛋与蛋壳,egg_1,assets/png/Egg/egg_1_0_2.png,120,120,PNG,RGBA,13456
蛋与蛋壳,egg_1,assets/png/Egg/egg_1_0_3.png,120,120,PNG,RGBA,14622
Farm,farm_house.png,assets/png/Farm/farm_house.png,40,40,PNG,RGBA,5213
Farm,farm_house_0_0.png,assets/png/Farm/farm_house_0_0.png,180,180,PNG,RGBA,34243
Farm,farm_house_0_1.png,assets/png/Farm/farm_house_0_1.png,180,180,PNG,RGBA,31460
Farm,farm_house_10_0.png,assets/png/Farm/farm_house_10_0.png,180,180,PNG,RGBA,33747
Farm,farm_house_10_1.png,assets/png/Farm/farm_house_10_1.png,180,180,PNG,RGBA,30229
Farm,farm_house_20_0.png,assets/png/Farm/farm_house_20_0.png,180,180,PNG,RGBA,34619
Farm,farm_house_20_1.png,assets/png/Farm/farm_house_20_1.png,180,180,PNG,RGBA,31274
Farm,farm_house_30_0.png,assets/png/Farm/farm_house_30_0.png,180,180,PNG,RGBA,33559
Farm,farm_house_30_1.png,assets/png/Farm/farm_house_30_1.png,180,180,PNG,RGBA,35803
Farm,jinja_house_0_0.png,assets/png/Farm/jinja_house_0_0.png,130,130,PNG,RGBA,26479
Farm,jinja_house_0_1.png,assets/png/Farm/jinja_house_0_1.png,130,130,PNG,RGBA,24396
Farm,jinja_house_10_0.png,assets/png/Farm/jinja_house_10_0.png,130,130,PNG,RGBA,25586
Farm,jinja_house_10_1.png,assets/png/Farm/jinja_house_10_1.png,130,130,PNG,RGBA,23608
Farm,jinja_house_20_0.png,assets/png/Farm/jinja_house_20_0.png,130,130,PNG,RGBA,26373
Farm,jinja_house_20_1.png,assets/png/Farm/jinja_house_20_1.png,130,130,PNG,RGBA,24159
Farm,jinja_house_30_0.png,assets/png/Farm/jinja_house_30_0.png,130,130,PNG,RGBA,26015
Farm,jinja_house_30_1.png,assets/png/Farm/jinja_house_30_1.png,130,130,PNG,RGBA,24112
Farm,monster_village_0_0.png,assets/png/Farm/monster_village_0_0.png,130,130,PNG,RGBA,35820
Farm,monster_village_0_1.png,assets/png/Farm/monster_village_0_1.png,130,130,PNG,RGBA,33359
Farm,monster_village_10_0.png,assets/png/Farm/monster_village_10_0.png,130,130,PNG,RGBA,35760
Farm,monster_village_10_1.png,assets/png/Farm/monster_village_10_1.png,130,130,PNG,RGBA,33205
Farm,monster_village_20_0.png,assets/png/Farm/monster_village_20_0.png,130,130,PNG,RGBA,35949
Farm,monster_village_20_1.png,assets/png/Farm/monster_village_20_1.png,130,130,PNG,RGBA,33484
Farm,monster_village_30_0.png,assets/png/Farm/monster_village_30_0.png,130,130,PNG,RGBA,35823
Farm,monster_village_30_1.png,assets/png/Farm/monster_village_30_1.png,130,130,PNG,RGBA,33441
Farm,time_door_0_0.png,assets/png/Farm/time_door_0_0.png,130,130,PNG,RGBA,31296
Farm,time_door_0_1.png,assets/png/Farm/time_door_0_1.png,130,130,PNG,RGBA,27973
Farm,time_door_10_0.png,assets/png/Farm/time_door_10_0.png,130,130,PNG,RGBA,30410
Farm,time_door_10_1.png,assets/png/Farm/time_door_10_1.png,130,130,PNG,RGBA,27353
Farm,time_door_20_0.png,assets/png/Farm/time_door_20_0.png,130,130,PNG,RGBA,30851
Farm,time_door_20_1.png,assets/png/Farm/time_door_20_1.png,130,130,PNG,RGBA,27627
Farm,time_door_30_0.png,assets/png/Farm/time_door_30_0.png,130,130,PNG,RGBA,31082
Farm,time_door_30_1.png,assets/png/Farm/time_door_30_1.png,130,130,PNG,RGBA,28103
根目录标识,icon.png,assets/png/icon.png,256,256,PNG,RGBA,66436
MainGame,alarm_off.png,assets/png/MainGame/alarm_off.png,80,80,PNG,RGBA,9288
MainGame,alarm_on.png,assets/png/MainGame/alarm_on.png,80,80,PNG,RGBA,14413
MainGame,change_icon.png,assets/png/MainGame/change_icon.png,28,28,PNG,RGBA,3640
MainGame,coin.png,assets/png/MainGame/coin.png,152,152,PNG,RGBA,26483
MainGame,coin_1.png,assets/png/MainGame/coin_1.png,152,152,PNG,RGBA,4961
MainGame,download.png,assets/png/MainGame/download.png,72,72,PNG,RGBA,6549
MainGame,farm_fix_0_0.png,assets/png/MainGame/farm_fix_0_0.png,80,80,PNG,RGBA,13279
MainGame,farm_fix_0_1.png,assets/png/MainGame/farm_fix_0_1.png,80,80,PNG,RGBA,13014
MainGame,gift.png,assets/png/MainGame/gift.png,152,152,PNG,RGBA,17923
MainGame,gift_off.png,assets/png/MainGame/gift_off.png,152,152,PNG,RGBA,17165
MainGame,gift_on.png,assets/png/MainGame/gift_on.png,152,152,PNG,RGBA,25377
MainGame,kitchen_fix_0_0.png,assets/png/MainGame/kitchen_fix_0_0.png,80,80,PNG,RGBA,12934
MainGame,kitchen_fix_0_1.png,assets/png/MainGame/kitchen_fix_0_1.png,80,80,PNG,RGBA,12660
MainGame,level_star.png,assets/png/MainGame/level_star.png,72,72,PNG,RGBA,7092
MainGame,level_star_off.png,assets/png/MainGame/level_star_off.png,50,50,PNG,RGBA,5481
MainGame,level_star_on.png,assets/png/MainGame/level_star_on.png,50,50,PNG,RGBA,5843
MainGame,level_up_0.png,assets/png/MainGame/level_up_0.png,72,72,PNG,RGBA,10649
MainGame,level_up_1.png,assets/png/MainGame/level_up_1.png,72,72,PNG,RGBA,4381
MainGame,option_bg.png,assets/png/MainGame/option_bg.png,640,1136,PNG,RGBA,111300
MainGame,store_bg.jpg,assets/png/MainGame/store_bg.jpg,640,1136,JPEG,RGB,231355
MainMenu,main_bg.jpg,assets/png/MainMenu/main_bg.jpg,640,1136,JPEG,RGB,161338
MainMenu,main_logo_cn.png,assets/png/MainMenu/main_logo_cn.png,640,1136,PNG,RGBA,123938
MainMenu,main_logo_en.png,assets/png/MainMenu/main_logo_en.png,640,1136,PNG,RGBA,122015
MainMenu,main_logo_ja.png,assets/png/MainMenu/main_logo_ja.png,640,1136,PNG,RGBA,118899
MainMenu,main_logo_tw.png,assets/png/MainMenu/main_logo_tw.png,640,1136,PNG,RGBA,136527
Manual,manual000_cn0.jpg,assets/png/Manual/manual000_cn0.jpg,524,4000,JPEG,RGB,395325
Manual,manual000_cn1.jpg,assets/png/Manual/manual000_cn1.jpg,524,820,JPEG,RGB,122602
Manual,manual000_en0.jpg,assets/png/Manual/manual000_en0.jpg,524,4000,JPEG,RGB,390332
Manual,manual000_en1.jpg,assets/png/Manual/manual000_en1.jpg,524,820,JPEG,RGB,118072
Manual,manual000_ja0.jpg,assets/png/Manual/manual000_ja0.jpg,524,4000,JPEG,RGB,389481
Manual,manual000_ja1.jpg,assets/png/Manual/manual000_ja1.jpg,524,820,JPEG,RGB,117104
Manual,manual000_tw0.jpg,assets/png/Manual/manual000_tw0.jpg,524,4000,JPEG,RGB,398562
Manual,manual000_tw1.jpg,assets/png/Manual/manual000_tw1.jpg,524,820,JPEG,RGB,124520
Manual,manual001_cn.jpg,assets/png/Manual/manual001_cn.jpg,524,2300,JPEG,RGB,240688
Manual,manual001_en.jpg,assets/png/Manual/manual001_en.jpg,524,2300,JPEG,RGB,233809
Manual,manual001_ja.jpg,assets/png/Manual/manual001_ja.jpg,524,2300,JPEG,RGB,235186
Manual,manual001_tw.jpg,assets/png/Manual/manual001_tw.jpg,524,2300,JPEG,RGB,240785
Manual,manual002_cn.jpg,assets/png/Manual/manual002_cn.jpg,524,1640,JPEG,RGB,171474
Manual,manual002_en.jpg,assets/png/Manual/manual002_en.jpg,524,1640,JPEG,RGB,173511
Manual,manual002_ja.jpg,assets/png/Manual/manual002_ja.jpg,524,1640,JPEG,RGB,174633
Manual,manual002_tw.jpg,assets/png/Manual/manual002_tw.jpg,524,1640,JPEG,RGB,172011
Share,facebook_icon.png,assets/png/Share/facebook_icon.png,100,100,PNG,RGBA,8448
Share,line_icon.png,assets/png/Share/line_icon.png,100,100,PNG,RGBA,25407
Share,mail_icon.png,assets/png/Share/mail_icon.png,100,100,PNG,RGBA,9940
Share,slos_icon.png,assets/png/Share/slos_icon.png,52,52,PNG,RGBA,4826
厨房阶段,facility:0:0,assets/png/Tool/Tool0/tool_0_0_0_0.jpg,640,1136,JPEG,RGB,109820
厨房阶段,facility:0:0,assets/png/Tool/Tool0/tool_0_0_0_dirty.png,640,1136,PNG,RGBA,108916
厨房阶段,facility:0:0,assets/png/Tool/Tool0/tool_0_0_0_front.png,640,1136,PNG,RGBA,52975
厨房阶段,facility:0:1,assets/png/Tool/Tool0/tool_0_0_1_0.jpg,640,1136,JPEG,RGB,139681
厨房阶段,facility:0:1,assets/png/Tool/Tool0/tool_0_0_1_dirty.png,640,1136,PNG,RGBA,162140
厨房阶段,facility:0:2,assets/png/Tool/Tool0/tool_0_0_2_0.jpg,640,1136,JPEG,RGB,131170
厨房阶段,facility:0:2,assets/png/Tool/Tool0/tool_0_0_2_dirty.png,640,1136,PNG,RGBA,184489
厨房阶段,facility:0:3,assets/png/Tool/Tool0/tool_0_0_3_0.jpg,640,1136,JPEG,RGB,165820
厨房阶段,facility:0:3,assets/png/Tool/Tool0/tool_0_0_3_dirty.png,640,1136,PNG,RGBA,234849
农场时段与前景,facility:1:0,assets/png/Tool/Tool0/tool_0_1_0_0.jpg,1660,1136,JPEG,RGB,284863
农场时段与前景,facility:1:0,assets/png/Tool/Tool0/tool_0_1_0_front_0.png,1660,110,PNG,RGBA,112881
农场时段与前景,facility:1:0,assets/png/Tool/Tool0/tool_0_1_0_front_1.png,1660,110,PNG,RGBA,111090
农场时段与前景,facility:1:10,assets/png/Tool/Tool0/tool_0_1_10_0.jpg,1660,1136,JPEG,RGB,214007
农场时段与前景,facility:1:20,assets/png/Tool/Tool0/tool_0_1_20_0.jpg,1660,1136,JPEG,RGB,192482
农场时段与前景,facility:1:30,assets/png/Tool/Tool0/tool_0_1_30_0.jpg,1660,1136,JPEG,RGB,152034
厨具等级与状态,cookware:0:0,assets/png/Tool/Tool1/tool_1_0_0_0.png,120,120,PNG,RGBA,12840
厨具等级与状态,cookware:0:0,assets/png/Tool/Tool1/tool_1_0_0_1.png,120,120,PNG,RGBA,17751
厨具等级与状态,cookware:0:1,assets/png/Tool/Tool1/tool_1_0_1_0.png,120,120,PNG,RGBA,16136
厨具等级与状态,cookware:0:1,assets/png/Tool/Tool1/tool_1_0_1_1.png,120,120,PNG,RGBA,19855
厨具等级与状态,cookware:0:2,assets/png/Tool/Tool1/tool_1_0_2_0.png,120,120,PNG,RGBA,13450
厨具等级与状态,cookware:0:2,assets/png/Tool/Tool1/tool_1_0_2_1.png,120,120,PNG,RGBA,16743
厨具等级与状态,cookware:1:0,assets/png/Tool/Tool1/tool_1_1_0_0.png,120,120,PNG,RGBA,11254
厨具等级与状态,cookware:1:0,assets/png/Tool/Tool1/tool_1_1_0_1.png,120,120,PNG,RGBA,15375
厨具等级与状态,cookware:1:1,assets/png/Tool/Tool1/tool_1_1_1_0.png,120,120,PNG,RGBA,13154
厨具等级与状态,cookware:1:1,assets/png/Tool/Tool1/tool_1_1_1_1.png,120,120,PNG,RGBA,16783
厨具等级与状态,cookware:1:2,assets/png/Tool/Tool1/tool_1_1_2_0.png,120,120,PNG,RGBA,15412
厨具等级与状态,cookware:1:2,assets/png/Tool/Tool1/tool_1_1_2_1.png,120,120,PNG,RGBA,19708
厨具等级与状态,cookware:2:0,assets/png/Tool/Tool1/tool_1_2_0_0.png,120,120,PNG,RGBA,12293
厨具等级与状态,cookware:2:0,assets/png/Tool/Tool1/tool_1_2_0_1.png,120,120,PNG,RGBA,17297
厨具等级与状态,cookware:2:1,assets/png/Tool/Tool1/tool_1_2_1_0.png,120,120,PNG,RGBA,11524
厨具等级与状态,cookware:2:1,assets/png/Tool/Tool1/tool_1_2_1_1.png,120,120,PNG,RGBA,15944
厨具等级与状态,cookware:2:2,assets/png/Tool/Tool1/tool_1_2_2_0.png,120,120,PNG,RGBA,17440
厨具等级与状态,cookware:2:2,assets/png/Tool/Tool1/tool_1_2_2_1.png,120,120,PNG,RGBA,22386
厨具等级与状态,cookware:3:0,assets/png/Tool/Tool1/tool_1_3_0_0.png,120,120,PNG,RGBA,12198
厨具等级与状态,cookware:3:0,assets/png/Tool/Tool1/tool_1_3_0_1.png,120,120,PNG,RGBA,15586
厨具等级与状态,cookware:3:1,assets/png/Tool/Tool1/tool_1_3_1_0.png,120,120,PNG,RGBA,17133
厨具等级与状态,cookware:3:1,assets/png/Tool/Tool1/tool_1_3_1_1.png,120,120,PNG,RGBA,22358
厨具等级与状态,cookware:3:2,assets/png/Tool/Tool1/tool_1_3_2_0.png,120,120,PNG,RGBA,18600
厨具等级与状态,cookware:3:2,assets/png/Tool/Tool1/tool_1_3_2_1.png,120,120,PNG,RGBA,22463
厨具等级与状态,cookware:4:0,assets/png/Tool/Tool1/tool_1_4_0_0.png,120,120,PNG,RGBA,15461
厨具等级与状态,cookware:4:0,assets/png/Tool/Tool1/tool_1_4_0_1.png,120,120,PNG,RGBA,18485
厨具等级与状态,cookware:4:1,assets/png/Tool/Tool1/tool_1_4_1_0.png,120,120,PNG,RGBA,16616
厨具等级与状态,cookware:4:1,assets/png/Tool/Tool1/tool_1_4_1_1.png,120,120,PNG,RGBA,20189
厨具等级与状态,cookware:4:2,assets/png/Tool/Tool1/tool_1_4_2_0.png,120,120,PNG,RGBA,16148
厨具等级与状态,cookware:4:2,assets/png/Tool/Tool1/tool_1_4_2_1.png,120,120,PNG,RGBA,18929
厨具等级与状态,cookware:5:0,assets/png/Tool/Tool1/tool_1_5_0_0.png,120,120,PNG,RGBA,14174
厨具等级与状态,cookware:5:0,assets/png/Tool/Tool1/tool_1_5_0_1.png,120,120,PNG,RGBA,20294
厨具等级与状态,cookware:5:1,assets/png/Tool/Tool1/tool_1_5_1_0.png,120,120,PNG,RGBA,12859
厨具等级与状态,cookware:5:1,assets/png/Tool/Tool1/tool_1_5_1_1.png,120,120,PNG,RGBA,18830
厨具等级与状态,cookware:5:2,assets/png/Tool/Tool1/tool_1_5_2_0.png,120,120,PNG,RGBA,12261
厨具等级与状态,cookware:5:2,assets/png/Tool/Tool1/tool_1_5_2_1.png,120,120,PNG,RGBA,19317
厨具等级与状态,cookware:6:0,assets/png/Tool/Tool1/tool_1_6_0_0.png,120,120,PNG,RGBA,13510
厨具等级与状态,cookware:6:0,assets/png/Tool/Tool1/tool_1_6_0_1.png,120,120,PNG,RGBA,18037
厨具等级与状态,cookware:6:1,assets/png/Tool/Tool1/tool_1_6_1_0.png,120,120,PNG,RGBA,14170
厨具等级与状态,cookware:6:1,assets/png/Tool/Tool1/tool_1_6_1_1.png,120,120,PNG,RGBA,18678
厨具等级与状态,cookware:6:2,assets/png/Tool/Tool1/tool_1_6_2_0.png,120,120,PNG,RGBA,13546
厨具等级与状态,cookware:6:2,assets/png/Tool/Tool1/tool_1_6_2_1.png,120,120,PNG,RGBA,17823
厨具等级与状态,cookware:7:0,assets/png/Tool/Tool1/tool_1_7_0_0.png,120,120,PNG,RGBA,13202
厨具等级与状态,cookware:7:0,assets/png/Tool/Tool1/tool_1_7_0_1.png,120,120,PNG,RGBA,16413
厨具等级与状态,cookware:7:1,assets/png/Tool/Tool1/tool_1_7_1_0.png,120,120,PNG,RGBA,15840
厨具等级与状态,cookware:7:1,assets/png/Tool/Tool1/tool_1_7_1_1.png,120,120,PNG,RGBA,19591
厨具等级与状态,cookware:7:2,assets/png/Tool/Tool1/tool_1_7_2_0.png,120,120,PNG,RGBA,19894
厨具等级与状态,cookware:7:2,assets/png/Tool/Tool1/tool_1_7_2_1.png,120,120,PNG,RGBA,23158
调味料,ingredient:0,assets/png/Tool/Tool2/tool_2_0_0_0.png,120,120,PNG,RGBA,14957
调味料,ingredient:0,assets/png/Tool/Tool2/tool_2_0_0_1.png,120,120,PNG,RGBA,18165
调味料,ingredient:10,assets/png/Tool/Tool2/tool_2_10_0_0.png,120,120,PNG,RGBA,15684
调味料,ingredient:10,assets/png/Tool/Tool2/tool_2_10_0_1.png,120,120,PNG,RGBA,17669
调味料,ingredient:11,assets/png/Tool/Tool2/tool_2_11_0_0.png,120,120,PNG,RGBA,14913
调味料,ingredient:11,assets/png/Tool/Tool2/tool_2_11_0_1.png,120,120,PNG,RGBA,18497
调味料,ingredient:12,assets/png/Tool/Tool2/tool_2_12_0_0.png,120,120,PNG,RGBA,15764
调味料,ingredient:12,assets/png/Tool/Tool2/tool_2_12_0_1.png,120,120,PNG,RGBA,18950
调味料,ingredient:13,assets/png/Tool/Tool2/tool_2_13_0_0.png,120,120,PNG,RGBA,13309
调味料,ingredient:13,assets/png/Tool/Tool2/tool_2_13_0_1.png,120,120,PNG,RGBA,17228
调味料,ingredient:14,assets/png/Tool/Tool2/tool_2_14_0_0.png,120,120,PNG,RGBA,13480
调味料,ingredient:14,assets/png/Tool/Tool2/tool_2_14_0_1.png,120,120,PNG,RGBA,16582
调味料,ingredient:15,assets/png/Tool/Tool2/tool_2_15_0_0.png,120,120,PNG,RGBA,15217
调味料,ingredient:15,assets/png/Tool/Tool2/tool_2_15_0_1.png,120,120,PNG,RGBA,19390
调味料,ingredient:16,assets/png/Tool/Tool2/tool_2_16_0_0.png,120,120,PNG,RGBA,16614
调味料,ingredient:16,assets/png/Tool/Tool2/tool_2_16_0_1.png,120,120,PNG,RGBA,19789
调味料,ingredient:17,assets/png/Tool/Tool2/tool_2_17_0_0.png,120,120,PNG,RGBA,17958
调味料,ingredient:17,assets/png/Tool/Tool2/tool_2_17_0_1.png,120,120,PNG,RGBA,22751
调味料,ingredient:18,assets/png/Tool/Tool2/tool_2_18_0_0.png,120,120,PNG,RGBA,12848
调味料,ingredient:18,assets/png/Tool/Tool2/tool_2_18_0_1.png,120,120,PNG,RGBA,15423
调味料,ingredient:19,assets/png/Tool/Tool2/tool_2_19_0_0.png,120,120,PNG,RGBA,10734
调味料,ingredient:19,assets/png/Tool/Tool2/tool_2_19_0_1.png,120,120,PNG,RGBA,15075
调味料,ingredient:1,assets/png/Tool/Tool2/tool_2_1_0_0.png,120,120,PNG,RGBA,17545
调味料,ingredient:1,assets/png/Tool/Tool2/tool_2_1_0_1.png,120,120,PNG,RGBA,21629
调味料,ingredient:20,assets/png/Tool/Tool2/tool_2_20_0_0.png,120,120,PNG,RGBA,16166
调味料,ingredient:20,assets/png/Tool/Tool2/tool_2_20_0_1.png,120,120,PNG,RGBA,21044
调味料,ingredient:21,assets/png/Tool/Tool2/tool_2_21_0_0.png,120,120,PNG,RGBA,11771
调味料,ingredient:21,assets/png/Tool/Tool2/tool_2_21_0_1.png,120,120,PNG,RGBA,15904
调味料,ingredient:22,assets/png/Tool/Tool2/tool_2_22_0_0.png,120,120,PNG,RGBA,15038
调味料,ingredient:22,assets/png/Tool/Tool2/tool_2_22_0_1.png,120,120,PNG,RGBA,19007
调味料,ingredient:23,assets/png/Tool/Tool2/tool_2_23_0_0.png,120,120,PNG,RGBA,14396
调味料,ingredient:23,assets/png/Tool/Tool2/tool_2_23_0_1.png,120,120,PNG,RGBA,18467
调味料,ingredient:24,assets/png/Tool/Tool2/tool_2_24_0_0.png,120,120,PNG,RGBA,12013
调味料,ingredient:24,assets/png/Tool/Tool2/tool_2_24_0_1.png,120,120,PNG,RGBA,15123
调味料,ingredient:25,assets/png/Tool/Tool2/tool_2_25_0_0.png,120,120,PNG,RGBA,15992
调味料,ingredient:25,assets/png/Tool/Tool2/tool_2_25_0_1.png,120,120,PNG,RGBA,19512
调味料,ingredient:26,assets/png/Tool/Tool2/tool_2_26_0_0.png,120,120,PNG,RGBA,12276
调味料,ingredient:26,assets/png/Tool/Tool2/tool_2_26_0_1.png,120,120,PNG,RGBA,16802
调味料,ingredient:27,assets/png/Tool/Tool2/tool_2_27_0_0.png,120,120,PNG,RGBA,12329
调味料,ingredient:27,assets/png/Tool/Tool2/tool_2_27_0_1.png,120,120,PNG,RGBA,14883
调味料,ingredient:28,assets/png/Tool/Tool2/tool_2_28_0_0.png,120,120,PNG,RGBA,13752
调味料,ingredient:28,assets/png/Tool/Tool2/tool_2_28_0_1.png,120,120,PNG,RGBA,17292
调味料,ingredient:29,assets/png/Tool/Tool2/tool_2_29_0_0.png,120,120,PNG,RGBA,16617
调味料,ingredient:29,assets/png/Tool/Tool2/tool_2_29_0_1.png,120,120,PNG,RGBA,21564
调味料,ingredient:2,assets/png/Tool/Tool2/tool_2_2_0_0.png,120,120,PNG,RGBA,15944
调味料,ingredient:2,assets/png/Tool/Tool2/tool_2_2_0_1.png,120,120,PNG,RGBA,19504
调味料,ingredient:30,assets/png/Tool/Tool2/tool_2_30_0_0.png,120,120,PNG,RGBA,16993
调味料,ingredient:30,assets/png/Tool/Tool2/tool_2_30_0_1.png,120,120,PNG,RGBA,22050
调味料,ingredient:31,assets/png/Tool/Tool2/tool_2_31_0_0.png,120,120,PNG,RGBA,14064
调味料,ingredient:31,assets/png/Tool/Tool2/tool_2_31_0_1.png,120,120,PNG,RGBA,18621
调味料,ingredient:32,assets/png/Tool/Tool2/tool_2_32_0_0.png,120,120,PNG,RGBA,13580
调味料,ingredient:32,assets/png/Tool/Tool2/tool_2_32_0_1.png,120,120,PNG,RGBA,16672
调味料,ingredient:33,assets/png/Tool/Tool2/tool_2_33_0_0.png,120,120,PNG,RGBA,17797
调味料,ingredient:33,assets/png/Tool/Tool2/tool_2_33_0_1.png,120,120,PNG,RGBA,21537
调味料,ingredient:34,assets/png/Tool/Tool2/tool_2_34_0_0.png,120,120,PNG,RGBA,18525
调味料,ingredient:34,assets/png/Tool/Tool2/tool_2_34_0_1.png,120,120,PNG,RGBA,22867
调味料,ingredient:35,assets/png/Tool/Tool2/tool_2_35_0_0.png,120,120,PNG,RGBA,15819
调味料,ingredient:35,assets/png/Tool/Tool2/tool_2_35_0_1.png,120,120,PNG,RGBA,19284
调味料,ingredient:36,assets/png/Tool/Tool2/tool_2_36_0_0.png,120,120,PNG,RGBA,9347
调味料,ingredient:36,assets/png/Tool/Tool2/tool_2_36_0_1.png,120,120,PNG,RGBA,11476
调味料,ingredient:37,assets/png/Tool/Tool2/tool_2_37_0_0.png,120,120,PNG,RGBA,14174
调味料,ingredient:37,assets/png/Tool/Tool2/tool_2_37_0_1.png,120,120,PNG,RGBA,16679
调味料,ingredient:38,assets/png/Tool/Tool2/tool_2_38_0_0.png,120,120,PNG,RGBA,12837
调味料,ingredient:38,assets/png/Tool/Tool2/tool_2_38_0_1.png,120,120,PNG,RGBA,15332
调味料,ingredient:39,assets/png/Tool/Tool2/tool_2_39_0_0.png,120,120,PNG,RGBA,11324
调味料,ingredient:39,assets/png/Tool/Tool2/tool_2_39_0_1.png,120,120,PNG,RGBA,13957
调味料,ingredient:3,assets/png/Tool/Tool2/tool_2_3_0_0.png,120,120,PNG,RGBA,16540
调味料,ingredient:3,assets/png/Tool/Tool2/tool_2_3_0_1.png,120,120,PNG,RGBA,20218
调味料,ingredient:40,assets/png/Tool/Tool2/tool_2_40_0_0.png,120,120,PNG,RGBA,12008
调味料,ingredient:40,assets/png/Tool/Tool2/tool_2_40_0_1.png,120,120,PNG,RGBA,15750
调味料,ingredient:41,assets/png/Tool/Tool2/tool_2_41_0_0.png,120,120,PNG,RGBA,15823
调味料,ingredient:41,assets/png/Tool/Tool2/tool_2_41_0_1.png,120,120,PNG,RGBA,20740
调味料,ingredient:42,assets/png/Tool/Tool2/tool_2_42_0_0.png,120,120,PNG,RGBA,12982
调味料,ingredient:42,assets/png/Tool/Tool2/tool_2_42_0_1.png,120,120,PNG,RGBA,16928
调味料,ingredient:43,assets/png/Tool/Tool2/tool_2_43_0_0.png,120,120,PNG,RGBA,19104
调味料,ingredient:43,assets/png/Tool/Tool2/tool_2_43_0_1.png,120,120,PNG,RGBA,23230
调味料,ingredient:44,assets/png/Tool/Tool2/tool_2_44_0_0.png,120,120,PNG,RGBA,18663
调味料,ingredient:44,assets/png/Tool/Tool2/tool_2_44_0_1.png,120,120,PNG,RGBA,23232
调味料,ingredient:45,assets/png/Tool/Tool2/tool_2_45_0_0.png,120,120,PNG,RGBA,13813
调味料,ingredient:45,assets/png/Tool/Tool2/tool_2_45_0_1.png,120,120,PNG,RGBA,16228
调味料,ingredient:46,assets/png/Tool/Tool2/tool_2_46_0_0.png,120,120,PNG,RGBA,13414
调味料,ingredient:46,assets/png/Tool/Tool2/tool_2_46_0_1.png,120,120,PNG,RGBA,18186
调味料,ingredient:47,assets/png/Tool/Tool2/tool_2_47_0_0.png,120,120,PNG,RGBA,16383
调味料,ingredient:47,assets/png/Tool/Tool2/tool_2_47_0_1.png,120,120,PNG,RGBA,19837
调味料,ingredient:48,assets/png/Tool/Tool2/tool_2_48_0_0.png,120,120,PNG,RGBA,17973
调味料,ingredient:48,assets/png/Tool/Tool2/tool_2_48_0_1.png,120,120,PNG,RGBA,21633
调味料,ingredient:49,assets/png/Tool/Tool2/tool_2_49_0_0.png,120,120,PNG,RGBA,14670
调味料,ingredient:49,assets/png/Tool/Tool2/tool_2_49_0_1.png,120,120,PNG,RGBA,17654
调味料,ingredient:4,assets/png/Tool/Tool2/tool_2_4_0_0.png,120,120,PNG,RGBA,14816
调味料,ingredient:4,assets/png/Tool/Tool2/tool_2_4_0_1.png,120,120,PNG,RGBA,17420
调味料,ingredient:50,assets/png/Tool/Tool2/tool_2_50_0_0.png,120,120,PNG,RGBA,10776
调味料,ingredient:50,assets/png/Tool/Tool2/tool_2_50_0_1.png,120,120,PNG,RGBA,15209
调味料,ingredient:51,assets/png/Tool/Tool2/tool_2_51_0_0.png,120,120,PNG,RGBA,12624
调味料,ingredient:51,assets/png/Tool/Tool2/tool_2_51_0_1.png,120,120,PNG,RGBA,15391
调味料,ingredient:52,assets/png/Tool/Tool2/tool_2_52_0_0.png,120,120,PNG,RGBA,16952
调味料,ingredient:52,assets/png/Tool/Tool2/tool_2_52_0_1.png,120,120,PNG,RGBA,19988
调味料,ingredient:53,assets/png/Tool/Tool2/tool_2_53_0_0.png,120,120,PNG,RGBA,11823
调味料,ingredient:53,assets/png/Tool/Tool2/tool_2_53_0_1.png,120,120,PNG,RGBA,14744
调味料,ingredient:54,assets/png/Tool/Tool2/tool_2_54_0_0.png,120,120,PNG,RGBA,14130
调味料,ingredient:54,assets/png/Tool/Tool2/tool_2_54_0_1.png,120,120,PNG,RGBA,17194
调味料,ingredient:55,assets/png/Tool/Tool2/tool_2_55_0_0.png,120,120,PNG,RGBA,10106
调味料,ingredient:55,assets/png/Tool/Tool2/tool_2_55_0_1.png,120,120,PNG,RGBA,12417
调味料,ingredient:56,assets/png/Tool/Tool2/tool_2_56_0_0.png,120,120,PNG,RGBA,17638
调味料,ingredient:56,assets/png/Tool/Tool2/tool_2_56_0_1.png,120,120,PNG,RGBA,21209
调味料,ingredient:57,assets/png/Tool/Tool2/tool_2_57_0_0.png,120,120,PNG,RGBA,11020
调味料,ingredient:57,assets/png/Tool/Tool2/tool_2_57_0_1.png,120,120,PNG,RGBA,13119
调味料,ingredient:58,assets/png/Tool/Tool2/tool_2_58_0_0.png,120,120,PNG,RGBA,11614
调味料,ingredient:58,assets/png/Tool/Tool2/tool_2_58_0_1.png,120,120,PNG,RGBA,13473
调味料,ingredient:59,assets/png/Tool/Tool2/tool_2_59_0_0.png,120,120,PNG,RGBA,16146
调味料,ingredient:59,assets/png/Tool/Tool2/tool_2_59_0_1.png,120,120,PNG,RGBA,18703
调味料,ingredient:5,assets/png/Tool/Tool2/tool_2_5_0_0.png,120,120,PNG,RGBA,14780
调味料,ingredient:5,assets/png/Tool/Tool2/tool_2_5_0_1.png,120,120,PNG,RGBA,17457
调味料,ingredient:60,assets/png/Tool/Tool2/tool_2_60_0_0.png,120,120,PNG,RGBA,13138
调味料,ingredient:60,assets/png/Tool/Tool2/tool_2_60_0_1.png,120,120,PNG,RGBA,14950
调味料,ingredient:61,assets/png/Tool/Tool2/tool_2_61_0_0.png,120,120,PNG,RGBA,13996
调味料,ingredient:61,assets/png/Tool/Tool2/tool_2_61_0_1.png,120,120,PNG,RGBA,16371
调味料,ingredient:62,assets/png/Tool/Tool2/tool_2_62_0_0.png,120,120,PNG,RGBA,10415
调味料,ingredient:62,assets/png/Tool/Tool2/tool_2_62_0_1.png,120,120,PNG,RGBA,12709
调味料,ingredient:63,assets/png/Tool/Tool2/tool_2_63_0_0.png,120,120,PNG,RGBA,16067
调味料,ingredient:63,assets/png/Tool/Tool2/tool_2_63_0_1.png,120,120,PNG,RGBA,18780
调味料,ingredient:64,assets/png/Tool/Tool2/tool_2_64_0_0.png,120,120,PNG,RGBA,17180
调味料,ingredient:64,assets/png/Tool/Tool2/tool_2_64_0_1.png,120,120,PNG,RGBA,20636
调味料,ingredient:65,assets/png/Tool/Tool2/tool_2_65_0_0.png,120,120,PNG,RGBA,18249
调味料,ingredient:65,assets/png/Tool/Tool2/tool_2_65_0_1.png,120,120,PNG,RGBA,23056
调味料,ingredient:66,assets/png/Tool/Tool2/tool_2_66_0_0.png,120,120,PNG,RGBA,14098
调味料,ingredient:66,assets/png/Tool/Tool2/tool_2_66_0_1.png,120,120,PNG,RGBA,17347
调味料,ingredient:67,assets/png/Tool/Tool2/tool_2_67_0_0.png,120,120,PNG,RGBA,15450
调味料,ingredient:67,assets/png/Tool/Tool2/tool_2_67_0_1.png,120,120,PNG,RGBA,18023
调味料,ingredient:68,assets/png/Tool/Tool2/tool_2_68_0_0.png,120,120,PNG,RGBA,16066
调味料,ingredient:68,assets/png/Tool/Tool2/tool_2_68_0_1.png,120,120,PNG,RGBA,20246
调味料,ingredient:69,assets/png/Tool/Tool2/tool_2_69_0_0.png,120,120,PNG,RGBA,13147
调味料,ingredient:69,assets/png/Tool/Tool2/tool_2_69_0_1.png,120,120,PNG,RGBA,16666
调味料,ingredient:6,assets/png/Tool/Tool2/tool_2_6_0_0.png,120,120,PNG,RGBA,13224
调味料,ingredient:6,assets/png/Tool/Tool2/tool_2_6_0_1.png,120,120,PNG,RGBA,16244
调味料,ingredient:70,assets/png/Tool/Tool2/tool_2_70_0_0.png,120,120,PNG,RGBA,17964
调味料,ingredient:70,assets/png/Tool/Tool2/tool_2_70_0_1.png,120,120,PNG,RGBA,22095
调味料,ingredient:71,assets/png/Tool/Tool2/tool_2_71_0_0.png,120,120,PNG,RGBA,12559
调味料,ingredient:71,assets/png/Tool/Tool2/tool_2_71_0_1.png,120,120,PNG,RGBA,15305
调味料,ingredient:72,assets/png/Tool/Tool2/tool_2_72_0_0.png,120,120,PNG,RGBA,12763
调味料,ingredient:72,assets/png/Tool/Tool2/tool_2_72_0_1.png,120,120,PNG,RGBA,16017
调味料,ingredient:73,assets/png/Tool/Tool2/tool_2_73_0_0.png,120,120,PNG,RGBA,15810
调味料,ingredient:73,assets/png/Tool/Tool2/tool_2_73_0_1.png,120,120,PNG,RGBA,19644
调味料,ingredient:74,assets/png/Tool/Tool2/tool_2_74_0_0.png,120,120,PNG,RGBA,12275
调味料,ingredient:74,assets/png/Tool/Tool2/tool_2_74_0_1.png,120,120,PNG,RGBA,16008
调味料,ingredient:7,assets/png/Tool/Tool2/tool_2_7_0_0.png,120,120,PNG,RGBA,12205
调味料,ingredient:7,assets/png/Tool/Tool2/tool_2_7_0_1.png,120,120,PNG,RGBA,15204
调味料,ingredient:8,assets/png/Tool/Tool2/tool_2_8_0_0.png,120,120,PNG,RGBA,19385
调味料,ingredient:8,assets/png/Tool/Tool2/tool_2_8_0_1.png,120,120,PNG,RGBA,24408
调味料,ingredient:9,assets/png/Tool/Tool2/tool_2_9_0_0.png,120,120,PNG,RGBA,19257
调味料,ingredient:9,assets/png/Tool/Tool2/tool_2_9_0_1.png,120,120,PNG,RGBA,23047
Tool,tool_locked_mark.png,assets/png/Tool/tool_locked_mark.png,120,120,PNG,RGBA,5017
背景音乐,bgm_000,assets/music/bgm/bgm_000.mp3,,,MP3,,1240616
背景音乐,bgm_001,assets/music/bgm/bgm_001.mp3,,,MP3,,1483868
背景音乐,bgm_002,assets/music/bgm/bgm_002.mp3,,,MP3,,1065920
音效与提示音,se000_start,res/raw/se000_start.mp3,,,MP3,,3760
音效与提示音,se001_yes,res/raw/se001_yes.mp3,,,MP3,,3760
音效与提示音,se002_no,res/raw/se002_no.mp3,,,MP3,,5432
音效与提示音,se003_click,res/raw/se003_click.mp3,,,MP3,,5014
音效与提示音,se004_open,res/raw/se004_open.mp3,,,MP3,,2924
音效与提示音,se005_alert0,res/raw/se005_alert0.mp3,,,MP3,,9194
音效与提示音,se006_alert1,res/raw/se006_alert1.mp3,,,MP3,,10030
音效与提示音,se007_buy,res/raw/se007_buy.mp3,,,MP3,,18807
音效与提示音,se008_sell,res/raw/se008_sell.mp3,,,MP3,,26330
音效与提示音,se009_clean,res/raw/se009_clean.mp3,,,MP3,,7104
音效与提示音,se010_fix,res/raw/se010_fix.mp3,,,MP3,,23404
音效与提示音,se011_break,res/raw/se011_break.mp3,,,MP3,,7940
音效与提示音,se012_chick0,res/raw/se012_chick0.mp3,,,MP3,,10448
音效与提示音,se013_error,res/raw/se013_error.mp3,,,MP3,,4178
音效与提示音,se014_duck0,res/raw/se014_duck0.mp3,,,MP3,,8904
音效与提示音,se015_timedooropen,res/raw/se015_timedooropen.mp3,,,MP3,,124623
音效与提示音,se016_timedoorclick,res/raw/se016_timedoorclick.mp3,,,MP3,,81992
音效与提示音,se017_timedoorreceive,res/raw/se017_timedoorreceive.mp3,,,MP3,,65273
